video_file_name,audio_file_name,video_position,audio_position_start,audio_position_end,motorcycle_present,car_present,van_present,truck_present,bus_present,
data/rec_0524090000.avi,data/rec_0524090000_s.wav,12579,5441,10579,0,0,0,1,0,
data/rec_0524090000.avi,data/rec_0524090000_s.wav,33408,28438,31408,0,1,0,0,0,
data/rec_0524090000.avi,data/rec_0524090000_s.wav,38417,34065,36417,0,1,0,0,0,
data/rec_0524090000.avi,data/rec_0524090000_s.wav,73378,69358,71378,0,1,0,0,0,
data/rec_0524090000.avi,data/rec_0524090000_s.wav,79832,73310,77832,0,0,0,0,1,
data/rec_0524090000.avi,data/rec_0524090000_s.wav,84495,77685,82495,0,1,0,0,0,
data/rec_0524090000.avi,data/rec_0524090000_s.wav,98947,90281,96947,0,0,0,1,0,
data/rec_0524090000.avi,data/rec_0524090000_s.wav,179183,171014,177183,0,1,0,0,0,
data/rec_0524090000.avi,data/rec_0524090000_s.wav,206525,201316,204525,0,1,0,0,0,
data/rec_0524090000.avi,data/rec_0524090000_s.wav,215141,208650,213141,0,0,1,0,0,
data/rec_0524090000.avi,data/rec_0524090000_s.wav,232435,225905,230435,0,1,0,0,0,
data/rec_0524090000.avi,data/rec_0524090000_s.wav,232435,225905,230435,0,1,0,0,0,
data/rec_0524090000.avi,data/rec_0524090000_s.wav,244879,238124,242879,0,0,0,1,0,
data/rec_0524090000.avi,data/rec_0524090000_s.wav,273793,267753,271793,0,0,0,0,1,
data/rec_0524090000.avi,data/rec_0524090000_s.wav,278916,274036,276916,0,0,1,0,0,
data/rec_0524090000.avi,data/rec_0524090000_s.wav,287629,282692,285629,0,0,1,0,0,
data/rec_0524090000.avi,data/rec_0524090000_s.wav,292928,286717,290928,0,0,1,0,0,
data/rec_0524090000.avi,data/rec_0524090000_s.wav,298783,293271,296783,0,0,1,0,0,
data/rec_0524090000.avi,data/rec_0524090000_s.wav,306029,299421,304029,0,1,0,0,0,
data/rec_0524090000.avi,data/rec_0524090000_s.wav,327534,321313,325534,0,1,0,0,0,
data/rec_0524090000.avi,data/rec_0524090000_s.wav,343961,328957,341961,1,0,0,0,0,
data/rec_0524090000.avi,data/rec_0524090000_s.wav,351045,344194,349045,0,1,0,0,0,
data/rec_0524090000.avi,data/rec_0524090000_s.wav,367003,361133,365003,0,1,0,0,0,
data/rec_0524090000.avi,data/rec_0524090000_s.wav,374962,364934,372962,0,1,0,0,0,
data/rec_0524090000.avi,data/rec_0524090000_s.wav,414379,403033,412379,0,1,0,0,0,
data/rec_0524090000.avi,data/rec_0524090000_s.wav,430046,424005,428046,0,1,0,0,0,
data/rec_0524090000.avi,data/rec_0524090000_s.wav,436318,429015,434318,0,0,0,0,1,
data/rec_0524090000.avi,data/rec_0524090000_s.wav,464544,459702,462544,0,1,0,0,0,
data/rec_0524090000.avi,data/rec_0524090000_s.wav,474706,468745,472706,0,1,0,0,0,
data/rec_0524090000.avi,data/rec_0524090000_s.wav,484070,476110,482070,0,0,0,1,0,
data/rec_0524090000.avi,data/rec_0524090000_s.wav,493437,487617,491437,0,1,0,0,0,
data/rec_0524090000.avi,data/rec_0524090000_s.wav,502037,495120,500037,0,1,0,0,0,
data/rec_0524090000.avi,data/rec_0524090000_s.wav,522825,516440,520825,0,1,0,0,0,
data/rec_0524090000.avi,data/rec_0524090000_s.wav,536506,527885,534506,0,0,0,0,1,
data/rec_0524090000.avi,data/rec_0524090000_s.wav,566809,560004,564809,0,0,0,1,0,
data/rec_0524090000.avi,data/rec_0524090000_s.wav,576372,570758,574372,0,0,1,0,0,
data/rec_0524090000.avi,data/rec_0524090000_s.wav,612507,605901,610507,0,1,0,0,0,
data/rec_0524090000.avi,data/rec_0524090000_s.wav,617049,610610,615049,0,0,0,0,1,
data/rec_0524090000.avi,data/rec_0524090000_s.wav,625686,620336,623686,0,1,0,0,0,
data/rec_0524090000.avi,data/rec_0524090000_s.wav,640624,633946,638624,0,1,0,0,0,
data/rec_0524090000.avi,data/rec_0524090000_s.wav,697720,692112,695720,0,0,0,0,1,
data/rec_0524090000.avi,data/rec_0524090000_s.wav,712322,705687,710322,0,0,0,0,1,
data/rec_0524090000.avi,data/rec_0524090000_s.wav,719824,713789,717824,0,1,0,0,0,
data/rec_0524090000.avi,data/rec_0524090000_s.wav,765161,759496,763161,0,1,0,0,0,
data/rec_0524090000.avi,data/rec_0524090000_s.wav,768686,763978,766686,0,1,0,0,0,
data/rec_0524090000.avi,data/rec_0524090000_s.wav,781307,769700,779307,0,0,0,1,0,
data/rec_0524090000.avi,data/rec_0524090000_s.wav,819223,812742,817223,0,1,0,0,0,
data/rec_0524090000.avi,data/rec_0524090000_s.wav,846663,840086,844663,0,1,0,0,0,
data/rec_0524090000.avi,data/rec_0524090000_s.wav,857337,849560,855337,0,1,0,0,0,
data/rec_0524090000.avi,data/rec_0524090000_s.wav,885261,879525,883261,0,1,0,0,0,
data/rec_0524090000.avi,data/rec_0524090000_s.wav,889388,883241,887388,0,0,0,0,1,
data/rec_0524090000.avi,data/rec_0524090000_s.wav,895749,889571,893749,0,1,0,0,0,
data/rec_0524090000.avi,data/rec_0524090000_s.wav,905690,899391,903690,0,1,0,0,0,
data/rec_0524090000.avi,data/rec_0524090000_s.wav,929651,922657,927651,0,1,0,0,0,
data/rec_0524090000.avi,data/rec_0524090000_s.wav,942186,934934,940186,0,0,1,0,0,
data/rec_0524090000.avi,data/rec_0524090000_s.wav,970563,961286,968563,0,0,0,1,0,
data/rec_0524090000.avi,data/rec_0524090000_s.wav,975458,970168,973458,0,0,0,1,0,
data/rec_0524090000.avi,data/rec_0524090000_s.wav,991811,985833,989811,0,1,0,0,0,
data/rec_0524090000.avi,data/rec_0524090000_s.wav,1013835,1007086,1011835,0,1,0,0,0,
data/rec_0524090000.avi,data/rec_0524090000_s.wav,1019595,1009779,1017595,0,1,0,0,0,
data/rec_0524090000.avi,data/rec_0524090000_s.wav,1080996,1075232,1078996,0,1,0,0,0,
data/rec_0524090000.avi,data/rec_0524090000_s.wav,1096170,1089896,1094170,0,1,0,0,0,
data/rec_0524090000.avi,data/rec_0524090000_s.wav,1110513,1102464,1108513,0,1,0,0,0,
data/rec_0524090000.avi,data/rec_0524090000_s.wav,1129623,1123126,1127623,0,0,0,1,0,
data/rec_0524090000.avi,data/rec_0524090000_s.wav,1135541,1128032,1133541,0,1,0,0,0,
data/rec_0524090000.avi,data/rec_0524090000_s.wav,1202201,1193311,1200201,0,0,0,1,0,
data/rec_0524090000.avi,data/rec_0524090000_s.wav,1208768,1200507,1206768,0,0,0,1,0,
data/rec_0524090000.avi,data/rec_0524090000_s.wav,1230318,1223861,1228318,0,1,0,0,0,
data/rec_0524090000.avi,data/rec_0524090000_s.wav,1236225,1229611,1234225,0,0,0,1,0,
data/rec_0524090000.avi,data/rec_0524090000_s.wav,1241564,1235313,1239564,0,0,0,1,0,
data/rec_0524090000.avi,data/rec_0524090000_s.wav,1252375,1245191,1250375,0,1,0,0,0,
data/rec_0524090000.avi,data/rec_0524090000_s.wav,1264167,1258883,1262167,0,1,0,0,0,
data/rec_0524090000.avi,data/rec_0524090000_s.wav,1325091,1318666,1323091,0,1,0,0,0,
data/rec_0524090000.avi,data/rec_0524090000_s.wav,1330759,1324937,1328759,0,1,0,0,0,
data/rec_0524090000.avi,data/rec_0524090000_s.wav,1347835,1340569,1345835,0,1,0,0,0,
data/rec_0524090000.avi,data/rec_0524090000_s.wav,1379932,1371569,1377932,0,1,0,0,0,
data/rec_0524090000.avi,data/rec_0524090000_s.wav,1389435,1380997,1387435,0,1,0,0,0,
data/rec_0524090000.avi,data/rec_0524090000_s.wav,1394768,1388810,1392768,0,1,0,0,0,
data/rec_0524090000.avi,data/rec_0524090000_s.wav,1398783,1393131,1396783,0,1,0,0,0,
data/rec_0524090000.avi,data/rec_0524090000_s.wav,1435928,1429265,1433928,0,1,0,0,0,
data/rec_0524090000.avi,data/rec_0524090000_s.wav,1460740,1452019,1458740,0,0,0,1,0,
data/rec_0524090000.avi,data/rec_0524090000_s.wav,1489013,1481968,1487013,0,1,0,0,0,
data/rec_0524090000.avi,data/rec_0524090000_s.wav,1505036,1497703,1503036,0,0,0,1,0,
data/rec_0524090000.avi,data/rec_0524090000_s.wav,1579346,1572771,1577346,0,1,0,0,0,
data/rec_0524090000.avi,data/rec_0524090000_s.wav,1584025,1577946,1582025,0,0,1,0,0,
data/rec_0524090000.avi,data/rec_0524090000_s.wav,1605611,1598217,1603611,0,1,0,0,0,
data/rec_0524090000.avi,data/rec_0524090000_s.wav,1630523,1621263,1628523,0,1,0,0,0,
data/rec_0524090000.avi,data/rec_0524090000_s.wav,1649517,1642421,1647517,0,1,0,0,0,
data/rec_0524090000.avi,data/rec_0524090000_s.wav,1687248,1678224,1685248,0,1,0,0,0,
data/rec_0524090000.avi,data/rec_0524090000_s.wav,1707607,1699843,1705607,0,0,0,1,0,
data/rec_0524090000.avi,data/rec_0524090000_s.wav,1757044,1750798,1755044,0,1,0,0,0,
data/rec_0524090000.avi,data/rec_0524090000_s.wav,1764191,1757945,1762191,0,1,0,0,0,
data/rec_0524090000.avi,data/rec_0524090000_s.wav,1780359,1772440,1778359,0,1,0,0,0,
data/rec_0524090000.avi,data/rec_0524090000_s.wav,1787339,1778848,1785339,0,1,0,0,0,
data/rec_0524090000.avi,data/rec_0524090000_s.wav,1808874,1795555,1806874,0,0,0,1,0,
data/rec_0524093000.avi,data/rec_0524093000.wav,24358,20630,24358,0,1,0,0,0,
data/rec_0524093000.avi,data/rec_0524093000.wav,37921,33714,37921,0,1,0,0,0,
data/rec_0524093000.avi,data/rec_0524093000.wav,42493,38284,42493,0,1,0,0,0,
data/rec_0524093000.avi,data/rec_0524093000.wav,48510,43954,48510,0,1,0,0,0,
data/rec_0524093000.avi,data/rec_0524093000.wav,63346,56551,63346,0,1,0,0,0,
data/rec_0524093000.avi,data/rec_0524093000.wav,72351,65446,72351,0,1,0,0,0,
data/rec_0524093000.avi,data/rec_0524093000.wav,97842,89106,97842,0,0,0,0,1,
data/rec_0524093000.avi,data/rec_0524093000.wav,103415,99653,103415,0,1,0,0,0,
data/rec_0524093000.avi,data/rec_0524093000.wav,119852,115127,119852,0,1,0,0,0,
data/rec_0524093000.avi,data/rec_0524093000.wav,129730,122401,129730,0,0,0,1,0,
data/rec_0524093000.avi,data/rec_0524093000.wav,179444,170836,179444,0,0,0,1,0,
data/rec_0524093000.avi,data/rec_0524093000.wav,189324,180834,189324,0,0,0,1,0,
data/rec_0524093000.avi,data/rec_0524093000.wav,224617,217644,224617,0,0,0,1,0,
data/rec_0524093000.avi,data/rec_0524093000.wav,241825,236972,241825,0,1,0,0,0,
data/rec_0524093000.avi,data/rec_0524093000.wav,264062,258702,264062,0,1,0,0,0,
data/rec_0524093000.avi,data/rec_0524093000.wav,295573,291174,295573,0,1,0,0,0,
data/rec_0524093000.avi,data/rec_0524093000.wav,301631,295852,301631,0,0,1,0,0,
data/rec_0524093000.avi,data/rec_0524093000.wav,322885,316787,322885,0,1,0,0,0,
data/rec_0524093000.avi,data/rec_0524093000.wav,337921,330740,337921,0,1,0,0,0,
data/rec_0524093000.avi,data/rec_0524093000.wav,345215,339980,345215,0,1,0,0,0,
data/rec_0524093000.avi,data/rec_0524093000.wav,356474,350515,356474,0,0,0,1,0,
data/rec_0524093000.avi,data/rec_0524093000.wav,360455,357226,360455,0,1,0,0,0,
data/rec_0524093000.avi,data/rec_0524093000.wav,366959,360597,366959,0,1,0,0,0,
data/rec_0524093000.avi,data/rec_0524093000.wav,375397,369505,375397,0,1,0,0,0,
data/rec_0524093000.avi,data/rec_0524093000.wav,386750,381041,386750,0,1,0,0,0,
data/rec_0524093000.avi,data/rec_0524093000.wav,434185,431138,434185,0,1,0,0,0,
data/rec_0524093000.avi,data/rec_0524093000.wav,439353,434779,439353,0,1,0,0,0,
data/rec_0524093000.avi,data/rec_0524093000.wav,500774,492326,500774,0,0,0,1,0,
data/rec_0524093000.avi,data/rec_0524093000.wav,514243,508275,514243,0,0,0,0,1,
data/rec_0524093000.avi,data/rec_0524093000.wav,522184,516029,522184,0,0,0,1,0,
data/rec_0524093000.avi,data/rec_0524093000.wav,529328,525873,529328,0,1,0,0,0,
data/rec_0524093000.avi,data/rec_0524093000.wav,553677,547881,553677,0,1,0,0,0,
data/rec_0524093000.avi,data/rec_0524093000.wav,560312,555534,560312,0,1,0,0,0,
data/rec_0524093000.avi,data/rec_0524093000.wav,569992,566330,569992,0,0,1,0,0,
data/rec_0524093000.avi,data/rec_0524093000.wav,575011,571622,575011,0,1,0,0,0,1
data/rec_0524093000.avi,data/rec_0524093000.wav,599117,591483,599117,0,1,0,0,0,1
data/rec_0524093000.avi,data/rec_0524093000.wav,611270,606587,611270,0,1,0,0,0,1
data/rec_0524093000.avi,data/rec_0524093000.wav,636971,629303,636971,0,0,0,1,0,1
data/rec_0524093000.avi,data/rec_0524093000.wav,659778,655417,659778,1,0,0,0,0,1
data/rec_0524093000.avi,data/rec_0524093000.wav,663148,660234,663148,0,1,0,0,0,1
data/rec_0524093000.avi,data/rec_0524093000.wav,669239,666545,669239,0,0,1,0,0,1
data/rec_0524093000.avi,data/rec_0524093000.wav,682404,677830,682404,0,1,0,0,0,1
data/rec_0524093000.avi,data/rec_0524093000.wav,713670,710095,713670,0,1,0,0,0,1
data/rec_0524093000.avi,data/rec_0524093000.wav,725683,722030,725683,0,1,0,0,0,1
data/rec_0524093000.avi,data/rec_0524093000.wav,749182,746166,749182,0,1,0,0,0,1
data/rec_0524093000.avi,data/rec_0524093000.wav,761508,755402,761508,0,0,0,1,0,1
data/rec_0524093000.avi,data/rec_0524093000.wav,770777,768088,770777,0,0,1,0,0,1
data/rec_0524093000.avi,data/rec_0524093000.wav,794303,789157,794303,0,1,0,0,0,1
data/rec_0524093000.avi,data/rec_0524093000.wav,820800,815236,820800,0,1,0,0,0,1
data/rec_0524093000.avi,data/rec_0524093000.wav,830390,824262,830390,0,1,0,0,0,1
data/rec_0524093000.avi,data/rec_0524093000.wav,839139,835719,839139,0,1,0,0,0,1
data/rec_0524093000.avi,data/rec_0524093000.wav,843431,839064,843431,0,0,0,1,0,1
data/rec_0524093000.avi,data/rec_0524093000.wav,882345,877307,882345,0,1,0,0,0,1
data/rec_0524093000.avi,data/rec_0524093000.wav,888288,883712,888288,0,1,0,0,0,1
data/rec_0524093000.avi,data/rec_0524093000.wav,969689,965320,969689,0,1,0,0,0,1
data/rec_0524093000.avi,data/rec_0524093000.wav,974817,970166,974817,0,0,0,1,0,1
data/rec_0524093000.avi,data/rec_0524093000.wav,992701,987927,992701,0,0,0,1,0,1
data/rec_0524093000.avi,data/rec_0524093000.wav,1006190,1001715,1006190,0,1,0,0,0,1
data/rec_0524093000.avi,data/rec_0524093000.wav,1027666,1022235,1027666,0,0,0,1,0,1
data/rec_0524093000.avi,data/rec_0524093000.wav,1056369,1052807,1056369,0,1,0,0,0,1
data/rec_0524093000.avi,data/rec_0524093000.wav,1060021,1057334,1060021,0,0,0,1,0,1
data/rec_0524093000.avi,data/rec_0524093000.wav,1077452,1073136,1077452,0,1,0,0,0,1
data/rec_0524093000.avi,data/rec_0524093000.wav,1095773,1091896,1095773,0,0,0,1,0,1
data/rec_0524093000.avi,data/rec_0524093000.wav,1098177,1096039,1098177,0,0,0,1,0,1
data/rec_0524093000.avi,data/rec_0524093000.wav,1102657,1100745,1102657,0,1,0,0,0,1
data/rec_0524093000.avi,data/rec_0524093000.wav,1106611,1104347,1106611,0,0,0,1,0,1
data/rec_0524093000.avi,data/rec_0524093000.wav,1124789,1121095,1124789,0,1,0,0,0,1
data/rec_0524093000.avi,data/rec_0524093000.wav,1127997,1125160,1127997,0,1,0,0,0,1
data/rec_0524093000.avi,data/rec_0524093000.wav,1131899,1128669,1131899,0,0,1,0,0,1
data/rec_0524093000.avi,data/rec_0524093000.wav,1139362,1133264,1139362,0,1,0,0,0,1
data/rec_0524093000.avi,data/rec_0524093000.wav,1149999,1146446,1149999,0,1,0,0,0,1
data/rec_0524093000.avi,data/rec_0524093000.wav,1175223,1170630,1175223,0,0,0,1,0,1
data/rec_0524093000.avi,data/rec_0524093000.wav,1190247,1184842,1190247,0,1,0,0,0,1
data/rec_0524093000.avi,data/rec_0524093000.wav,1196200,1191205,1196200,0,0,0,1,0,1
data/rec_0524093000.avi,data/rec_0524093000.wav,1202166,1199020,1202166,0,1,0,0,0,1
data/rec_0524093000.avi,data/rec_0524093000.wav,1220190,1215858,1220190,0,1,0,0,0,1
data/rec_0524093000.avi,data/rec_0524093000.wav,1238679,1235458,1238679,0,1,0,0,0,1
data/rec_0524093000.avi,data/rec_0524093000.wav,1248137,1242691,1248137,0,0,0,0,1,1
data/rec_0524093000.avi,data/rec_0524093000.wav,1281270,1277262,1281270,0,1,0,0,0,1
data/rec_0524093000.avi,data/rec_0524093000.wav,1329806,1327136,1329806,0,1,0,0,0,1
data/rec_0524093000.avi,data/rec_0524093000.wav,1357169,1347748,1357169,0,0,0,1,0,1
data/rec_0524093000.avi,data/rec_0524093000.wav,1364219,1360110,1364219,0,1,0,0,0,1
data/rec_0524093000.avi,data/rec_0524093000.wav,1374597,1370530,1374597,0,1,0,0,0,1
data/rec_0524093000.avi,data/rec_0524093000.wav,1386261,1382174,1386261,0,1,0,0,0,1
data/rec_0524093000.avi,data/rec_0524093000.wav,1407540,1403506,1407540,0,0,0,1,0,1
data/rec_0524093000.avi,data/rec_0524093000.wav,1428287,1422737,1428287,0,0,1,0,0,1
data/rec_0524093000.avi,data/rec_0524093000.wav,1453390,1448276,1453390,0,0,1,0,0,1
data/rec_0524093000.avi,data/rec_0524093000.wav,1459371,1454938,1459371,0,1,0,0,0,1
data/rec_0524093000.avi,data/rec_0524093000.wav,1470861,1465792,1470861,0,0,0,1,0,1
data/rec_0524093000.avi,data/rec_0524093000.wav,1501233,1497758,1501233,0,1,0,0,0,1
data/rec_0524093000.avi,data/rec_0524093000.wav,1505360,1501976,1505360,0,1,0,0,0,1
data/rec_0524093000.avi,data/rec_0524093000.wav,1512500,1509684,1512500,0,0,0,1,0,1
data/rec_0524093000.avi,data/rec_0524093000.wav,1542908,1538820,1542908,0,1,0,0,0,1
data/rec_0524093000.avi,data/rec_0524093000.wav,1552744,1548773,1552744,0,0,0,0,1,1
data/rec_0524093000.avi,data/rec_0524093000.wav,1567323,1563340,1567323,0,0,0,1,0,1
data/rec_0524093000.avi,data/rec_0524093000.wav,1584497,1578168,1584497,0,1,0,0,0,1
data/rec_0524093000.avi,data/rec_0524093000.wav,1619949,1616168,1619949,0,1,0,0,0,1
data/rec_0524093000.avi,data/rec_0524093000.wav,1625142,1621530,1625142,0,1,0,0,0,1
data/rec_0524093000.avi,data/rec_0524093000.wav,1636160,1634090,1636160,0,1,0,0,0,1
data/rec_0524093000.avi,data/rec_0524093000.wav,1645647,1642280,1645647,0,1,0,0,0,1
data/rec_0524093000.avi,data/rec_0524093000.wav,1650079,1646031,1650079,0,1,0,0,0,1
data/rec_0524093000.avi,data/rec_0524093000.wav,1686411,1682587,1686411,0,0,0,0,1,1
data/rec_0524093000.avi,data/rec_0524093000.wav,1707679,1700383,1707679,0,0,0,0,1,1
data/rec_0524093000.avi,data/rec_0524093000.wav,1727198,1724575,1727198,0,1,0,0,0,1
data/rec_0524093000.avi,data/rec_0524093000.wav,1734147,1729674,1734147,0,1,0,0,0,1
data/rec_0524093000.avi,data/rec_0524093000.wav,1740726,1736154,1740726,0,1,0,0,0,1
data/rec_0524083000.avi,data/rec_0524083000.wav,35668,31361,35668,0,1,0,0,0,1
data/rec_0524083000.avi,data/rec_0524083000.wav,46299,42526,46299,0,0,0,1,0,1
data/rec_0524083000.avi,data/rec_0524083000.wav,86252,82278,86252,0,1,0,0,0,1
data/rec_0524083000.avi,data/rec_0524083000.wav,92807,88143,92807,0,1,0,0,0,1
data/rec_0524083000.avi,data/rec_0524083000.wav,100355,94110,100355,0,0,0,1,0,1
data/rec_0524083000.avi,data/rec_0524083000.wav,119732,112545,119732,0,0,0,1,0,1
data/rec_0524083000.avi,data/rec_0524083000.wav,135819,129950,135819,0,1,0,0,0,1
data/rec_0524083000.avi,data/rec_0524083000.wav,141993,138601,141993,0,1,0,0,0,1
data/rec_0524083000.avi,data/rec_0524083000.wav,149497,143746,149497,0,1,0,0,0,1
data/rec_0524083000.avi,data/rec_0524083000.wav,158385,154155,158385,0,0,0,0,1,1
data/rec_0524083000.avi,data/rec_0524083000.wav,161867,158934,161867,0,0,1,0,0,1
data/rec_0524083000.avi,data/rec_0524083000.wav,166142,163001,166142,0,1,0,0,0,1
data/rec_0524083000.avi,data/rec_0524083000.wav,172039,167495,172039,0,1,0,0,0,1
data/rec_0524083000.avi,data/rec_0524083000.wav,183129,178092,183129,0,0,1,0,0,1
data/rec_0524083000.avi,data/rec_0524083000.wav,188763,184845,188763,0,1,0,0,0,1
data/rec_0524083000.avi,data/rec_0524083000.wav,221445,214583,221445,0,0,0,1,0,1
data/rec_0524083000.avi,data/rec_0524083000.wav,225412,222309,225412,0,1,0,0,0,1
data/rec_0524083000.avi,data/rec_0524083000.wav,257586,251958,257586,0,0,0,1,0,1
data/rec_0524083000.avi,data/rec_0524083000.wav,282644,277242,282644,0,0,0,1,0,1
data/rec_0524083000.avi,data/rec_0524083000.wav,288986,285407,288986,0,0,0,1,0,1
data/rec_0524083000.avi,data/rec_0524083000.wav,292246,289182,292246,1,0,0,0,0,1
data/rec_0524083000.avi,data/rec_0524083000.wav,309709,304623,309709,0,1,0,0,0,1
data/rec_0524083000.avi,data/rec_0524083000.wav,324485,318630,324485,0,0,1,0,0,1
data/rec_0524083000.avi,data/rec_0524083000.wav,340076,335524,340076,0,1,0,0,0,1
data/rec_0524083000.avi,data/rec_0524083000.wav,372902,368018,372902,0,0,0,1,0,1
data/rec_0524083000.avi,data/rec_0524083000.wav,390720,385186,390720,0,1,0,0,0,1
data/rec_0524083000.avi,data/rec_0524083000.wav,403655,397745,403655,0,1,0,0,0,1
data/rec_0524083000.avi,data/rec_0524083000.wav,434693,431339,434693,0,0,0,0,1,1
data/rec_0524083000.avi,data/rec_0524083000.wav,456048,450632,456048,0,1,0,0,0,1
data/rec_0524083000.avi,data/rec_0524083000.wav,468871,463001,468871,0,0,0,1,0,1
data/rec_0524083000.avi,data/rec_0524083000.wav,475379,472683,475379,0,1,0,0,0,1
data/rec_0524083000.avi,data/rec_0524083000.wav,480572,477867,480572,0,0,0,1,0,1
data/rec_0524083000.avi,data/rec_0524083000.wav,487688,483704,487688,0,0,0,1,0,1
data/rec_0524083000.avi,data/rec_0524083000.wav,508006,504502,508006,0,0,0,1,0,1
data/rec_0524083000.avi,data/rec_0524083000.wav,540946,536559,540946,0,1,0,0,0,1
data/rec_0524083000.avi,data/rec_0524083000.wav,567671,562766,567671,0,1,0,0,0,1
data/rec_0524083000.avi,data/rec_0524083000.wav,574263,568808,574263,1,0,0,0,0,1
data/rec_0524083000.avi,data/rec_0524083000.wav,598219,593768,598219,0,0,1,0,0,1
data/rec_0524083000.avi,data/rec_0524083000.wav,663718,659060,663718,0,0,0,1,0,1
data/rec_0524083000.avi,data/rec_0524083000.wav,685717,680546,685717,0,0,1,0,0,1
data/rec_0524083000.avi,data/rec_0524083000.wav,708597,702600,708597,0,1,0,0,0,1
data/rec_0524083000.avi,data/rec_0524083000.wav,740050,732217,740050,0,0,0,1,0,1
data/rec_0524083000.avi,data/rec_0524083000.wav,745982,740733,745982,0,0,0,1,0,1
data/rec_0524083000.avi,data/rec_0524083000.wav,750884,746380,750884,0,0,1,0,0,1
data/rec_0524083000.avi,data/rec_0524083000.wav,762942,757982,762942,0,1,0,0,0,1
data/rec_0524083000.avi,data/rec_0524083000.wav,769522,763870,769522,0,1,0,0,0,1
data/rec_0524083000.avi,data/rec_0524083000.wav,776602,771279,776602,0,0,1,0,0,1
data/rec_0524083000.avi,data/rec_0524083000.wav,801677,794492,801677,0,0,0,1,0,1
data/rec_0524083000.avi,data/rec_0524083000.wav,806652,803415,806652,0,0,1,0,0,1
data/rec_0524083000.avi,data/rec_0524083000.wav,818917,812741,818917,0,1,0,0,0,1
data/rec_0524083000.avi,data/rec_0524083000.wav,836691,831239,836691,0,1,0,0,0,1
data/rec_0524083000.avi,data/rec_0524083000.wav,852593,849444,852593,0,0,0,0,1,1
data/rec_0524083000.avi,data/rec_0524083000.wav,861711,857597,861711,0,1,0,0,0,1
data/rec_0524083000.avi,data/rec_0524083000.wav,867310,862302,867310,0,1,0,0,0,1
data/rec_0524083000.avi,data/rec_0524083000.wav,879925,875583,879925,0,1,0,0,0,1
data/rec_0524083000.avi,data/rec_0524083000.wav,883685,880429,883685,0,1,0,0,0,1
data/rec_0524083000.avi,data/rec_0524083000.wav,898314,895376,898314,0,1,0,0,0,1
data/rec_0524083000.avi,data/rec_0524083000.wav,903583,899355,903583,0,1,0,0,0,1
data/rec_0524083000.avi,data/rec_0524083000.wav,945260,937666,945260,0,1,0,0,0,1
data/rec_0524083000.avi,data/rec_0524083000.wav,962015,955748,962015,0,1,0,0,0,1
data/rec_0524083000.avi,data/rec_0524083000.wav,975261,971409,975261,0,1,0,0,0,1
data/rec_0524083000.avi,data/rec_0524083000.wav,989953,984006,989953,0,0,1,0,0,1
data/rec_0524083000.avi,data/rec_0524083000.wav,999233,994474,999233,0,1,0,0,0,1
data/rec_0524083000.avi,data/rec_0524083000.wav,1017672,1012238,1017672,1,0,0,0,0,1
data/rec_0524083000.avi,data/rec_0524083000.wav,1021500,1018822,1021500,0,1,0,0,0,1
data/rec_0524083000.avi,data/rec_0524083000.wav,1023874,1021696,1023874,0,1,0,0,0,1
data/rec_0524083000.avi,data/rec_0524083000.wav,1026369,1024362,1026369,0,1,0,0,0,1
data/rec_0524083000.avi,data/rec_0524083000.wav,1029864,1026632,1029864,0,0,1,0,0,1
data/rec_0524083000.avi,data/rec_0524083000.wav,1053082,1047212,1053082,0,1,0,0,0,1
data/rec_0524083000.avi,data/rec_0524083000.wav,1061298,1055771,1061298,0,1,0,0,0,1
data/rec_0524083000.avi,data/rec_0524083000.wav,1072581,1068798,1072581,0,1,0,0,0,1
data/rec_0524083000.avi,data/rec_0524083000.wav,1078127,1075404,1078127,0,1,0,0,0,1
data/rec_0524083000.avi,data/rec_0524083000.wav,1083634,1078516,1083634,0,0,0,1,0,1
data/rec_0524083000.avi,data/rec_0524083000.wav,1130281,1124867,1130281,0,1,0,0,0,1
data/rec_0524083000.avi,data/rec_0524083000.wav,1158319,1152907,1158319,0,1,0,0,0,1
data/rec_0524083000.avi,data/rec_0524083000.wav,1169004,1161760,1169004,0,0,0,1,0,1
data/rec_0524083000.avi,data/rec_0524083000.wav,1176928,1172628,1176928,0,0,0,1,0,1
data/rec_0524083000.avi,data/rec_0524083000.wav,1190611,1185354,1190611,0,1,0,0,0,1
data/rec_0524083000.avi,data/rec_0524083000.wav,1209190,1204429,1209190,0,0,0,1,0,1
data/rec_0524083000.avi,data/rec_0524083000.wav,1223480,1219372,1223480,0,1,0,0,0,1
data/rec_0524083000.avi,data/rec_0524083000.wav,1228783,1224211,1228783,0,0,0,0,1,1
data/rec_0524083000.avi,data/rec_0524083000.wav,1243371,1239020,1243371,0,0,0,1,0,1
data/rec_0524083000.avi,data/rec_0524083000.wav,1248780,1243969,1248780,0,0,0,1,0,1
data/rec_0524083000.avi,data/rec_0524083000.wav,1254358,1250801,1254358,0,0,0,1,0,1
data/rec_0524083000.avi,data/rec_0524083000.wav,1272545,1267449,1272545,0,1,0,0,0,1
data/rec_0524083000.avi,data/rec_0524083000.wav,1283485,1278912,1283485,0,1,0,0,0,1
data/rec_0524083000.avi,data/rec_0524083000.wav,1290833,1287163,1290833,0,0,0,1,0,1
data/rec_0524083000.avi,data/rec_0524083000.wav,1305940,1303003,1305940,0,1,0,0,0,1
data/rec_0524083000.avi,data/rec_0524083000.wav,1312778,1308279,1312778,0,0,1,0,0,1
data/rec_0524083000.avi,data/rec_0524083000.wav,1324860,1320312,1324860,0,1,0,0,0,1
data/rec_0524083000.avi,data/rec_0524083000.wav,1330002,1325564,1330002,0,1,0,0,0,1
data/rec_0524083000.avi,data/rec_0524083000.wav,1334613,1330808,1334613,0,1,0,0,0,1
data/rec_0524083000.avi,data/rec_0524083000.wav,1346782,1342337,1346782,0,1,0,0,0,1
data/rec_0524083000.avi,data/rec_0524083000.wav,1350569,1347918,1350569,0,1,0,0,0,1
data/rec_0524083000.avi,data/rec_0524083000.wav,1378704,1373600,1378704,0,1,0,0,0,1
data/rec_0524083000.avi,data/rec_0524083000.wav,1413388,1409111,1413388,0,1,0,0,0,1
data/rec_0524083000.avi,data/rec_0524083000.wav,1418587,1413651,1418587,0,1,0,0,0,1
data/rec_0524083000.avi,data/rec_0524083000.wav,1434940,1429544,1434940,0,1,0,0,0,1
data/rec_0524083000.avi,data/rec_0524083000.wav,1454591,1449662,1454591,0,1,0,0,0,1
data/rec_0524083000.avi,data/rec_0524083000.wav,1463762,1458874,1463762,0,1,0,0,0,1
data/rec_0524083000.avi,data/rec_0524083000.wav,1492285,1488401,1492285,0,1,0,0,0,1
data/rec_0524083000.avi,data/rec_0524083000.wav,1497181,1492553,1497181,0,0,0,1,0,1
data/rec_0524083000.avi,data/rec_0524083000.wav,1507314,1503171,1507314,0,0,0,1,0,1
data/rec_0524083000.avi,data/rec_0524083000.wav,1512986,1508623,1512986,0,1,0,0,0,1
data/rec_0524083000.avi,data/rec_0524083000.wav,1552183,1547236,1552183,0,1,0,0,0,1
data/rec_0524083000.avi,data/rec_0524083000.wav,1566762,1563160,1566762,0,1,0,0,0,1
data/rec_0524083000.avi,data/rec_0524083000.wav,1569499,1567143,1569499,0,0,0,0,1,1
data/rec_0524083000.avi,data/rec_0524083000.wav,1576307,1572188,1576307,0,1,0,0,0,1
data/rec_0524083000.avi,data/rec_0524083000.wav,1583690,1579211,1583690,0,1,0,0,0,1
data/rec_0524083000.avi,data/rec_0524083000.wav,1596965,1591704,1596965,0,1,0,0,0,1
data/rec_0524083000.avi,data/rec_0524083000.wav,1609568,1605802,1609568,0,1,0,0,0,1
data/rec_0524083000.avi,data/rec_0524083000.wav,1614745,1610165,1614745,0,1,0,0,0,1
data/rec_0524083000.avi,data/rec_0524083000.wav,1619341,1615659,1619341,0,1,0,0,0,1
data/rec_0524083000.avi,data/rec_0524083000.wav,1633050,1627019,1633050,0,0,0,1,0,1
data/rec_0524083000.avi,data/rec_0524083000.wav,1690952,1686620,1690952,0,1,0,0,0,1
data/rec_0524083000.avi,data/rec_0524083000.wav,1695967,1691752,1695967,0,0,0,1,0,1
data/rec_0524083000.avi,data/rec_0524083000.wav,1716127,1710895,1716127,0,0,0,1,0,1
data/rec_0524083000.avi,data/rec_0524083000.wav,1731995,1726662,1731995,0,1,0,0,0,1
data/rec_0524080000.avi,data/rec_0524080000.wav,16296,9807,14474,0,0,1,0,0,1
data/rec_0524080000.avi,data/rec_0524080000.wav,20615,16384,18615,0,1,0,0,0,1
data/rec_0524080000.avi,data/rec_0524080000.wav,40825,36305,38825,0,0,1,0,0,1
data/rec_0524080000.avi,data/rec_0524080000.wav,90977,86132,88977,0,0,0,0,1,1
data/rec_0524080000.avi,data/rec_0524080000.wav,94614,89190,92614,0,0,1,0,0,1
data/rec_0524080000.avi,data/rec_0524080000.wav,99166,92442,97166,0,1,0,0,0,1
data/rec_0524080000.avi,data/rec_0524080000.wav,116151,110104,114151,0,1,0,0,0,1
data/rec_0524080000.avi,data/rec_0524080000.wav,128354,123113,126354,0,1,0,0,0,1
data/rec_0524080000.avi,data/rec_0524080000.wav,136637,129186,134637,0,1,0,0,0,1
data/rec_0524080000.avi,data/rec_0524080000.wav,178042,171350,176042,0,1,0,0,0,1
data/rec_0524080000.avi,data/rec_0524080000.wav,198186,190450,196186,0,1,0,0,0,1
data/rec_0524080000.avi,data/rec_0524080000.wav,211044,205607,209044,0,1,0,0,0,1
data/rec_0524080000.avi,data/rec_0524080000.wav,241903,234868,239903,0,0,0,1,0,1
data/rec_0524080000.avi,data/rec_0524080000.wav,246938,241049,244938,0,1,0,0,0,1
data/rec_0524080000.avi,data/rec_0524080000.wav,264194,257175,262194,0,1,0,0,0,1
data/rec_0524080000.avi,data/rec_0524080000.wav,297605,291291,295605,0,0,0,1,0,1
data/rec_0524080000.avi,data/rec_0524080000.wav,306726,300502,304726,0,1,0,0,0,1
data/rec_0524080000.avi,data/rec_0524080000.wav,317616,310339,315616,0,0,0,1,0,1
data/rec_0524080000.avi,data/rec_0524080000.wav,321804,317527,319804,0,0,1,0,0,1
data/rec_0524080000.avi,data/rec_0524080000.wav,373774,368152,371774,0,1,0,0,0,1
data/rec_0524080000.avi,data/rec_0524080000.wav,377688,373397,375688,0,1,0,0,0,1
data/rec_0524080000.avi,data/rec_0524080000.wav,406276,401154,404276,0,0,1,0,0,1
data/rec_0524080000.avi,data/rec_0524080000.wav,437392,431080,435392,0,0,0,1,0,1
data/rec_0524080000.avi,data/rec_0524080000.wav,443668,438498,441668,0,1,0,0,0,1
data/rec_0524080000.avi,data/rec_0524080000.wav,452127,444793,450127,0,1,0,0,0,1
data/rec_0524080000.avi,data/rec_0524080000.wav,500215,493408,498215,0,1,0,0,0,1
data/rec_0524080000.avi,data/rec_0524080000.wav,507124,498433,505124,0,0,0,1,0,1
data/rec_0524080000.avi,data/rec_0524080000.wav,513232,507560,511232,0,1,0,0,0,1
data/rec_0524080000.avi,data/rec_0524080000.wav,518272,512176,516272,0,1,0,0,0,1
data/rec_0524080000.avi,data/rec_0524080000.wav,523348,516979,521348,0,0,1,0,0,1
data/rec_0524080000.avi,data/rec_0524080000.wav,550275,543520,548275,0,1,0,0,0,1
data/rec_0524080000.avi,data/rec_0524080000.wav,571438,563302,569438,0,1,0,0,0,1
data/rec_0524080000.avi,data/rec_0524080000.wav,595610,587977,593610,0,1,0,0,0,1
data/rec_0524080000.avi,data/rec_0524080000.wav,601588,595972,599588,0,1,0,0,0,1
data/rec_0524080000.avi,data/rec_0524080000.wav,605394,599891,603394,0,1,0,0,0,1
data/rec_0524080000.avi,data/rec_0524080000.wav,611373,606018,609373,0,0,1,0,0,1
data/rec_0524080000.avi,data/rec_0524080000.wav,616013,610405,614013,0,1,0,0,0,1
data/rec_0524080000.avi,data/rec_0524080000.wav,630292,622587,628292,0,0,0,0,1,1
data/rec_0524080000.avi,data/rec_0524080000.wav,645021,639220,643021,1,0,0,0,0,1
data/rec_0524080000.avi,data/rec_0524080000.wav,665001,658119,663001,0,1,0,0,0,1
data/rec_0524080000.avi,data/rec_0524080000.wav,674334,666021,672334,0,0,0,1,0,1
data/rec_0524080000.avi,data/rec_0524080000.wav,682206,675456,680206,0,0,0,1,0,1
data/rec_0524080000.avi,data/rec_0524080000.wav,698762,691925,696762,0,1,0,0,0,1
data/rec_0524080000.avi,data/rec_0524080000.wav,706902,698817,704902,0,1,0,0,0,1
data/rec_0524080000.avi,data/rec_0524080000.wav,758511,752390,756511,0,1,0,0,0,1
data/rec_0524080000.avi,data/rec_0524080000.wav,769992,765084,767992,0,1,0,0,0,1
data/rec_0524080000.avi,data/rec_0524080000.wav,816380,809591,814380,0,1,0,0,0,1
data/rec_0524080000.avi,data/rec_0524080000.wav,830254,822426,828254,0,1,0,0,0,1
data/rec_0524080000.avi,data/rec_0524080000.wav,845597,839087,843597,0,1,0,0,0,1
data/rec_0524080000.avi,data/rec_0524080000.wav,865991,857906,863991,0,1,0,0,0,1
data/rec_0524080000.avi,data/rec_0524080000.wav,878445,870885,876445,0,1,0,0,0,1
data/rec_0524080000.avi,data/rec_0524080000.wav,882531,877736,880531,0,1,0,0,0,1
data/rec_0524080000.avi,data/rec_0524080000.wav,891916,884111,889916,0,0,0,1,0,1
data/rec_0524080000.avi,data/rec_0524080000.wav,932108,926317,930108,0,0,1,0,0,1
data/rec_0524080000.avi,data/rec_0524080000.wav,946522,939828,944522,0,1,0,0,0,1
data/rec_0524080000.avi,data/rec_0524080000.wav,967417,960525,965417,0,0,0,0,1,1
data/rec_0524080000.avi,data/rec_0524080000.wav,978824,970455,976824,1,0,0,0,0,1
data/rec_0524080000.avi,data/rec_0524080000.wav,1048953,1039614,1046953,0,0,0,1,0,1
data/rec_0524080000.avi,data/rec_0524080000.wav,1064167,1058029,1062167,0,1,0,0,0,1
data/rec_0524080000.avi,data/rec_0524080000.wav,1075126,1068948,1073126,0,1,0,0,0,1
data/rec_0524080000.avi,data/rec_0524080000.wav,1082134,1073528,1080134,0,0,0,1,0,1
data/rec_0524080000.avi,data/rec_0524080000.wav,1093230,1088621,1091230,0,1,0,0,0,1
data/rec_0524080000.avi,data/rec_0524080000.wav,1095970,1091642,1093970,0,0,1,0,0,1
data/rec_0524080000.avi,data/rec_0524080000.wav,1102403,1096642,1100403,0,0,0,0,1,1
data/rec_0524080000.avi,data/rec_0524080000.wav,1117183,1110328,1115183,0,0,0,0,1,1
data/rec_0524080000.avi,data/rec_0524080000.wav,1124896,1118459,1122896,0,1,0,0,0,1
data/rec_0524080000.avi,data/rec_0524080000.wav,1130339,1124603,1128339,0,0,1,0,0,1
data/rec_0524080000.avi,data/rec_0524080000.wav,1135128,1128608,1133128,0,1,0,0,0,1
data/rec_0524080000.avi,data/rec_0524080000.wav,1143068,1135725,1141068,0,1,0,0,0,1
data/rec_0524080000.avi,data/rec_0524080000.wav,1160908,1155353,1158908,0,1,0,0,0,1
data/rec_0524080000.avi,data/rec_0524080000.wav,1172996,1166035,1170996,0,1,0,0,0,1
data/rec_0524080000.avi,data/rec_0524080000.wav,1179584,1172522,1177584,0,1,0,0,0,1
data/rec_0524080000.avi,data/rec_0524080000.wav,1212407,1205799,1210407,0,1,0,0,0,1
data/rec_0524080000.avi,data/rec_0524080000.wav,1257990,1251452,1255990,0,1,0,0,0,1
data/rec_0524080000.avi,data/rec_0524080000.wav,1263277,1256290,1261277,0,1,0,0,0,1
data/rec_0524080000.avi,data/rec_0524080000.wav,1280408,1273810,1278408,0,1,0,0,0,1
data/rec_0524080000.avi,data/rec_0524080000.wav,1283353,1278708,1281353,0,1,0,0,0,1
data/rec_0524080000.avi,data/rec_0524080000.wav,1306711,1297197,1304711,0,0,0,1,0,1
data/rec_0524080000.avi,data/rec_0524080000.wav,1324166,1315824,1322166,0,0,0,1,0,1
data/rec_0524080000.avi,data/rec_0524080000.wav,1334718,1327504,1332718,0,0,0,1,0,1
data/rec_0524080000.avi,data/rec_0524080000.wav,1343942,1336599,1341942,0,1,0,0,0,1
data/rec_0524080000.avi,data/rec_0524080000.wav,1364614,1356466,1362614,0,0,0,1,0,1
data/rec_0524080000.avi,data/rec_0524080000.wav,1371501,1363270,1369501,0,0,0,1,0,1
data/rec_0524080000.avi,data/rec_0524080000.wav,1376616,1371359,1374616,0,1,0,0,0,1
data/rec_0524080000.avi,data/rec_0524080000.wav,1384336,1377916,1382336,0,1,0,0,0,1
data/rec_0524080000.avi,data/rec_0524080000.wav,1399369,1392012,1397369,0,1,0,0,0,1
data/rec_0524080000.avi,data/rec_0524080000.wav,1416864,1409174,1414864,0,1,0,0,0,1
data/rec_0524080000.avi,data/rec_0524080000.wav,1431437,1425036,1429437,0,0,0,0,1,1
data/rec_0524080000.avi,data/rec_0524080000.wav,1436269,1429764,1434269,0,1,0,0,0,1
data/rec_0524080000.avi,data/rec_0524080000.wav,1445964,1438926,1443964,0,1,0,0,0,1
data/rec_0524080000.avi,data/rec_0524080000.wav,1506592,1499949,1504392,0,1,0,0,0,1
data/rec_0524080000.avi,data/rec_0524080000.wav,1552125,1544366,1550125,0,0,0,1,0,1
data/rec_0524080000.avi,data/rec_0524080000.wav,1576309,1572668,1574509,0,1,0,0,0,1
data/rec_0524080000.avi,data/rec_0524080000.wav,1593336,1587215,1591336,0,1,0,0,0,1
data/rec_0524080000.avi,data/rec_0524080000.wav,1599037,1591770,1597037,0,1,0,0,0,1
data/rec_0524080000.avi,data/rec_0524080000.wav,1630643,1622793,1628643,0,1,0,0,0,1
data/rec_0524080000.avi,data/rec_0524080000.wav,1648772,1641380,1646772,0,1,0,0,0,1
data/rec_0524080000.avi,data/rec_0524080000.wav,1664166,1656289,1662166,0,0,0,0,1,1
data/rec_0524080000.avi,data/rec_0524080000.wav,1674162,1668074,1672162,0,1,0,0,0,1
data/rec_0524080000.avi,data/rec_0524080000.wav,1679717,1673006,1677717,0,1,0,0,0,1
data/rec_0524080000.avi,data/rec_0524080000.wav,1692763,1686084,1690763,0,1,0,0,0,1
data/rec_0524080000.avi,data/rec_0524080000.wav,1698321,1691079,1696321,0,1,0,0,0,1
data/rec_0524080000.avi,data/rec_0524080000.wav,1718507,1710738,1716507,0,1,0,0,0,1
data/rec_0524080000.avi,data/rec_0524080000.wav,1727304,1721008,1725304,0,0,0,0,1,1
data/rec_0524080000.avi,data/rec_0524080000.wav,1740608,1734114,1738608,1,0,0,0,0,1
data/rec_0524080000.avi,data/rec_0524080000.wav,1747976,1739063,1745976,0,0,0,1,0,1
data/rec_0524080000.avi,data/rec_0524080000.wav,1768663,1760601,1766663,0,0,0,1,0,1
data/rec_0524080000.avi,data/rec_0524080000.wav,1777254,1770597,1775254,0,0,1,0,0,1
data/rec_0524080000.avi,data/rec_0524080000.wav,1795637,1789565,1793637,0,1,0,0,0,1
data/rec_0524080000.avi,data/rec_0524080000.wav,1799410,1794145,1797410,0,0,0,0,1,1
