video_file_name,audio_file_name,video_position,audio_position_start,audio_position_end,motorcycle_present,car_present,van_present,truck_present,bus_present
data/rec_0524100000.avi,data/rec_0524100000.wav,6632,1369,5632,0,1,0,0,0
data/rec_0524100000.avi,data/rec_0524100000.wav,15799,8798,14799,0,0,0,0,1
data/rec_0524100000.avi,data/rec_0524100000.wav,60812,54765,59812,0,1,0,0,0
data/rec_0524100000.avi,data/rec_0524100000.wav,73649,67449,72649,0,1,0,0,0
data/rec_0524100000.avi,data/rec_0524100000.wav,79933,74291,78933,0,1,0,0,0
data/rec_0524100000.avi,data/rec_0524100000.wav,88740,80797,87740,0,0,0,1,0
data/rec_0524100000.avi,data/rec_0524100000.wav,111734,104360,110734,0,0,0,1,0
data/rec_0524100000.avi,data/rec_0524100000.wav,117178,112552,116178,0,0,1,0,0
data/rec_0524100000.avi,data/rec_0524100000.wav,132009,127337,131009,0,1,0,0,0
data/rec_0524100000.avi,data/rec_0524100000.wav,134301,131009,133301,0,1,0,0,0
data/rec_0524100000.avi,data/rec_0524100000.wav,137561,132875,136561,0,1,0,0,0
data/rec_0524100000.avi,data/rec_0524100000.wav,179246,174454,178246,0,0,1,0,0
data/rec_0524100000.avi,data/rec_0524100000.wav,183634,178205,182634,0,1,0,0,0
data/rec_0524100000.avi,data/rec_0524100000.wav,193893,188785,192991,0,1,0,0,0
data/rec_0524100000.avi,data/rec_0524100000.wav,222004,216490,220518,0,1,0,0,0
data/rec_0524100000.avi,data/rec_0524100000.wav,228645,221843,227145,0,0,0,1,0
data/rec_0524100000.avi,data/rec_0524100000.wav,240298,234717,238812,0,0,0,1,0
data/rec_0524100000.avi,data/rec_0524100000.wav,243315,238909,241815,0,0,1,0,0
data/rec_0524100000.avi,data/rec_0524100000.wav,269460,260188,267974,0,0,0,1,0
data/rec_0524100000.avi,data/rec_0524100000.wav,282648,276811,281162,0,1,0,0,0
data/rec_0524100000.avi,data/rec_0524100000.wav,312581,306383,311095,0,1,0,0,0
data/rec_0524100000.avi,data/rec_0524100000.wav,320750,317178,319250,0,0,1,0,0
data/rec_0524100000.avi,data/rec_0524100000.wav,324196,319786,322815,0,1,0,0,0
data/rec_0524100000.avi,data/rec_0524100000.wav,331674,326627,330189,0,1,0,0,0
data/rec_0524100000.avi,data/rec_0524100000.wav,342304,335448,338400,0,1,0,0,0
data/rec_0524100000.avi,data/rec_0524100000.wav,353857,347122,349857,0,1,0,0,0
data/rec_0524100000.avi,data/rec_0524100000.wav,357685,350117,353685,0,0,0,1,0
data/rec_0524100000.avi,data/rec_0524100000.wav,360987,353685,356987,0,1,0,0,0
data/rec_0524100000.avi,data/rec_0524100000.wav,365489,358515,361584,0,0,1,0,0
data/rec_0524100000.avi,data/rec_0524100000.wav,372567,365174,368567,0,1,0,0,0
data/rec_0524100000.avi,data/rec_0524100000.wav,382194,374593,378321,0,1,0,0,0
data/rec_0524100000.avi,data/rec_0524100000.wav,391997,385035,387997,0,1,0,0,0
data/rec_0524100000.avi,data/rec_0524100000.wav,396867,389371,392973,0,1,0,0,0
data/rec_0524100000.avi,data/rec_0524100000.wav,429628,421148,425628,0,1,0,0,0
data/rec_0524100000.avi,data/rec_0524100000.wav,440057,431358,436057,0,0,0,1,0
data/rec_0524100000.avi,data/rec_0524100000.wav,452259,444209,448259,0,0,1,0,0
data/rec_0524100000.avi,data/rec_0524100000.wav,461659,454272,457659,0,1,0,0,0
data/rec_0524100000.avi,data/rec_0524100000.wav,464871,458478,460871,0,1,0,0,0
data/rec_0524100000.avi,data/rec_0524100000.wav,468625,462149,464625,0,1,0,0,0
data/rec_0524100000.avi,data/rec_0524100000.wav,471029,465006,467029,0,1,0,0,0
data/rec_0524100000.avi,data/rec_0524100000.wav,473301,467026,469396,0,1,0,0,0
data/rec_0524100000.avi,data/rec_0524100000.wav,479272,472471,475272,0,0,1,0,0
data/rec_0524100000.avi,data/rec_0524100000.wav,483811,476643,479811,0,0,0,1,0
data/rec_0524100000.avi,data/rec_0524100000.wav,490236,482552,486236,0,0,1,0,0
data/rec_0524100000.avi,data/rec_0524100000.wav,541313,533600,537313,0,0,1,0,0
data/rec_0524100000.avi,data/rec_0524100000.wav,550328,542441,546328,0,1,0,0,0
data/rec_0524100000.avi,data/rec_0524100000.wav,567082,559396,563082,0,1,0,0,0
data/rec_0524100000.avi,data/rec_0524100000.wav,606180,598230,602288,0,0,1,0,0
data/rec_0524100000.avi,data/rec_0524100000.wav,612499,604954,608499,0,0,1,0,0
data/rec_0524100000.avi,data/rec_0524100000.wav,618291,610148,614291,0,1,0,0,0
data/rec_0524100000.avi,data/rec_0524100000.wav,626826,619764,622826,0,1,0,0,0
data/rec_0524100000.avi,data/rec_0524100000.wav,656584,648112,652584,0,0,0,1,0
data/rec_0524100000.avi,data/rec_0524100000.wav,662600,654341,658600,0,0,1,0,0
data/rec_0524100000.avi,data/rec_0524100000.wav,670377,662495,666377,0,0,0,1,0
data/rec_0524100000.avi,data/rec_0524100000.wav,679558,672611,675669,0,1,0,0,0
data/rec_0524100000.avi,data/rec_0524100000.wav,692765,684924,688883,0,0,0,1,0
data/rec_0524100000.avi,data/rec_0524100000.wav,706487,698481,702487,0,0,1,0,0
data/rec_0524100000.avi,data/rec_0524100000.wav,727575,720604,723575,0,0,1,0,0
data/rec_0524100000.avi,data/rec_0524100000.wav,730992,724170,727007,0,0,1,0,0
data/rec_0524100000.avi,data/rec_0524100000.wav,771257,764193,767257,0,1,0,0,0
data/rec_0524100000.avi,data/rec_0524100000.wav,775328,767869,771328,0,1,0,0,0
data/rec_0524100000.avi,data/rec_0524100000.wav,787390,779550,783501,0,1,0,0,0
data/rec_0524100000.avi,data/rec_0524100000.wav,796255,789300,792255,0,1,0,0,0
data/rec_0524100000.avi,data/rec_0524100000.wav,800694,793742,796796,0,1,0,0,0
data/rec_0524100000.avi,data/rec_0524100000.wav,820603,813699,816603,0,0,0,1,0
data/rec_0524100000.avi,data/rec_0524100000.wav,824295,818374,820295,0,1,0,0,0
data/rec_0524100000.avi,data/rec_0524100000.wav,826371,820295,822475,0,1,0,0,0
data/rec_0524100000.avi,data/rec_0524100000.wav,835453,829151,831577,0,1,0,0,0
data/rec_0524100000.avi,data/rec_0524100000.wav,838007,831848,834007,0,1,0,0,0
data/rec_0524100000.avi,data/rec_0524100000.wav,839761,834007,835761,0,1,0,0,0
data/rec_0524100000.avi,data/rec_0524100000.wav,842246,835761,838246,0,1,0,0,0
data/rec_0524100000.avi,data/rec_0524100000.wav,855641,846148,851763,0,0,0,1,0
data/rec_0524100000.avi,data/rec_0524100000.wav,865136,857845,861136,0,1,0,0,0
data/rec_0524100000.avi,data/rec_0524100000.wav,868374,861136,864386,0,1,0,0,0
data/rec_0524100000.avi,data/rec_0524100000.wav,874845,867887,870845,0,1,0,0,0
data/rec_0524100000.avi,data/rec_0524100000.wav,901334,895108,897334,0,1,0,0,0
data/rec_0524100000.avi,data/rec_0524100000.wav,903096,897334,899096,0,1,0,0,0
data/rec_0524100000.avi,data/rec_0524100000.wav,904698,899096,900698,0,1,0,0,0
data/rec_0524100000.avi,data/rec_0524100000.wav,912372,905381,908487,0,1,0,0,0
data/rec_0524100000.avi,data/rec_0524100000.wav,927976,919903,924082,0,1,0,0,0
data/rec_0524100000.avi,data/rec_0524100000.wav,954780,946531,950780,0,0,0,1,0
data/rec_0524100000.avi,data/rec_0524100000.wav,957156,950780,953156,0,1,0,0,0
data/rec_0524100000.avi,data/rec_0524100000.wav,960255,953156,956362,0,1,0,0,0
data/rec_0524100000.avi,data/rec_0524100000.wav,967276,960072,963381,0,1,0,0,0
data/rec_0524100000.avi,data/rec_0524100000.wav,987107,980770,983107,0,1,0,0,0
data/rec_0524100000.avi,data/rec_0524100000.wav,988818,983107,984818,0,1,0,0,0
data/rec_0524100000.avi,data/rec_0524100000.wav,994274,986415,990381,0,0,1,0,0
data/rec_0524100000.avi,data/rec_0524100000.wav,1023539,1015448,1019554,0,0,1,0,0
data/rec_0524100000.avi,data/rec_0524100000.wav,1031559,1024061,1027679,0,1,0,0,0
data/rec_0524100000.avi,data/rec_0524100000.wav,1037458,1029680,1033572,0,1,0,0,0
data/rec_0524100000.avi,data/rec_0524100000.wav,1065066,1056777,1061066,0,0,0,1,0
data/rec_0524100000.avi,data/rec_0524100000.wav,1068926,1062503,1064926,0,0,1,0,0
data/rec_0524100000.avi,data/rec_0524100000.wav,1071445,1064926,1067445,0,1,0,0,0
data/rec_0524100000.avi,data/rec_0524100000.wav,1074506,1067445,1070613,0,1,0,0,0
data/rec_0524100000.avi,data/rec_0524100000.wav,1080199,1073677,1076199,0,0,1,0,0
data/rec_0524100000.avi,data/rec_0524100000.wav,1082511,1076199,1078511,0,1,0,0,0
data/rec_0524100000.avi,data/rec_0524100000.wav,1086814,1078511,1082814,0,1,0,0,0
data/rec_0524100000.avi,data/rec_0524100000.wav,1107472,1101182,1103472,0,1,0,0,0
data/rec_0524100000.avi,data/rec_0524100000.wav,1109011,1103472,1105011,0,1,0,0,0
data/rec_0524100000.avi,data/rec_0524100000.wav,1112192,1105011,1108300,0,1,0,0,0
data/rec_0524100000.avi,data/rec_0524100000.wav,1140057,1130249,1136120,0,0,0,1,0
data/rec_0524100000.avi,data/rec_0524100000.wav,1146209,1138635,1142209,0,1,0,0,0
data/rec_0524100000.avi,data/rec_0524100000.wav,1150343,1142528,1146405,0,1,0,0,0
data/rec_0524100000.avi,data/rec_0524100000.wav,1168809,1161958,1164809,0,0,0,1,0
data/rec_0524100000.avi,data/rec_0524100000.wav,1171509,1164809,1167509,0,0,0,1,0
data/rec_0524100000.avi,data/rec_0524100000.wav,1174874,1167929,1170887,0,1,0,0,0
data/rec_0524100000.avi,data/rec_0524100000.wav,1237266,1230640,1233393,0,1,0,0,0
data/rec_0524100000.avi,data/rec_0524100000.wav,1249029,1239153,1245029,0,0,0,1,0
data/rec_0524100000.avi,data/rec_0524100000.wav,1276771,1268656,1272771,0,0,0,1,0
data/rec_0524100000.avi,data/rec_0524100000.wav,1283872,1275589,1279988,0,1,0,0,0
data/rec_0524100000.avi,data/rec_0524100000.wav,1298015,1289343,1294029,0,1,0,0,0
data/rec_0524100000.avi,data/rec_0524100000.wav,1329285,1320045,1325298,0,0,0,1,0
data/rec_0524100000.avi,data/rec_0524100000.wav,1337985,1330987,1333985,0,1,0,0,0
data/rec_0524100000.avi,data/rec_0524100000.wav,1342332,1336284,1338332,0,0,1,0,0
data/rec_0524100000.avi,data/rec_0524100000.wav,1379045,1370095,1375045,0,0,0,1,0
data/rec_0524100000.avi,data/rec_0524100000.wav,1382008,1375045,1378128,0,1,0,0,0
data/rec_0524100000.avi,data/rec_0524100000.wav,1388589,1381350,1384720,0,1,0,0,0
data/rec_0524100000.avi,data/rec_0524100000.wav,1403705,1394354,1399826,0,1,0,0,0
data/rec_0524100000.avi,data/rec_0524100000.wav,1431808,1423768,1427808,0,0,0,1,0
data/rec_0524100000.avi,data/rec_0524100000.wav,1434333,1427808,1430452,0,1,0,0,0
data/rec_0524100000.avi,data/rec_0524100000.wav,1442987,1433849,1438987,0,0,0,1,0
data/rec_0524100000.avi,data/rec_0524100000.wav,1454131,1446817,1450255,0,1,0,0,0
data/rec_0524100000.avi,data/rec_0524100000.wav,1458327,1452255,1454448,0,1,0,0,0
data/rec_0524100000.avi,data/rec_0524100000.wav,1462581,1455610,1458702,0,1,0,0,0
data/rec_0524100000.avi,data/rec_0524100000.wav,1482331,1474275,1478331,0,0,0,1,0
data/rec_0524100000.avi,data/rec_0524100000.wav,1487286,1479578,1483409,0,1,0,0,0
data/rec_0524100000.avi,data/rec_0524100000.wav,1491063,1484012,1487063,0,1,0,0,0
data/rec_0524100000.avi,data/rec_0524100000.wav,1493607,1487063,1489607,0,0,1,0,0
data/rec_0524100000.avi,data/rec_0524100000.wav,1497530,1491020,1493530,0,1,0,0,0
data/rec_0524100000.avi,data/rec_0524100000.wav,1524441,1517170,1520441,0,0,0,1,0
data/rec_0524100000.avi,data/rec_0524100000.wav,1528692,1521714,1524815,0,1,0,0,0
data/rec_0524100000.avi,data/rec_0524100000.wav,1534973,1527346,1531044,0,1,0,0,0
data/rec_0524100000.avi,data/rec_0524100000.wav,1555523,1548147,1551523,0,0,1,0,0
data/rec_0524100000.avi,data/rec_0524100000.wav,1559842,1551523,1555972,0,0,0,1,0
data/rec_0524100000.avi,data/rec_0524100000.wav,1567058,1560188,1563185,0,1,0,0,0
data/rec_0524100000.avi,data/rec_0524100000.wav,1571182,1564643,1567308,0,1,0,0,0
data/rec_0524100000.avi,data/rec_0524100000.wav,1597444,1591282,1593456,0,1,0,0,0
data/rec_0524100000.avi,data/rec_0524100000.wav,1601554,1594137,1597680,0,0,1,0,0
data/rec_0524100000.avi,data/rec_0524100000.wav,1619120,1611043,1615249,0,1,0,0,0
data/rec_0524100000.avi,data/rec_0524100000.wav,1648922,1642050,1644922,0,0,1,0,0
data/rec_0524100000.avi,data/rec_0524100000.wav,1652921,1645611,1648921,0,1,0,0,0
data/rec_0524100000.avi,data/rec_0524100000.wav,1662284,1654241,1658411,0,0,1,0,0
data/rec_0524100000.avi,data/rec_0524100000.wav,1669668,1661058,1665668,0,0,0,1,0
data/rec_0524100000.avi,data/rec_0524100000.wav,1674300,1667588,1670300,0,1,0,0,0
data/rec_0524100000.avi,data/rec_0524100000.wav,1676986,1670300,1672986,0,1,0,0,0
data/rec_0524100000.avi,data/rec_0524100000.wav,1681513,1675409,1677653,0,0,1,0,0
data/rec_0524100000.avi,data/rec_0524100000.wav,1684757,1678024,1680772,0,1,0,0,0
data/rec_0524100000.avi,data/rec_0524100000.wav,1707072,1700204,1703072,0,0,1,0,0
data/rec_0524100000.avi,data/rec_0524100000.wav,1716348,1708918,1712348,0,1,0,0,0
data/rec_0524100000.avi,data/rec_0524100000.wav,1722495,1715239,1718495,0,1,0,0,0
data/rec_0524100000.avi,data/rec_0524100000.wav,1724933,1718495,1720933,0,1,0,0,0
data/rec_0524100000.avi,data/rec_0524100000.wav,1728467,1720933,1724605,0,1,0,0,0
data/rec_0524100000.avi,data/rec_0524100000.wav,1738750,1732444,1734750,0,1,0,0,0
data/rec_0524100000.avi,data/rec_0524100000.wav,1741399,1734750,1737413,0,1,0,0,0
data/rec_0524100000.avi,data/rec_0524100000.wav,1765773,1759597,1761773,0,1,0,0,0
data/rec_0524100000.avi,data/rec_0524100000.wav,1768818,1761773,1764818,0,1,0,0,0
data/rec_0524100000.avi,data/rec_0524100000.wav,1775739,1767926,1771755,0,1,0,0,0
data/rec_0524100000.avi,data/rec_0524100000.wav,1794607,1787583,1790619,0,1,0,0,0
data/rec_0524100000.avi,data/rec_0524100000.wav,1801500,1794229,1797500,0,1,0,0,0
data/rec_0524100000.avi,data/rec_0524100000.wav,1804000,1797500,1800000,0,0,0,1,0
data/rec_0524103000.avi,data/rec_0524103000.wav,18488,10719,14988,0,1,0,0,0
data/rec_0524103000.avi,data/rec_0524103000.wav,30597,24273,27112,0,1,0,0,0
data/rec_0524103000.avi,data/rec_0524103000.wav,46191,39012,42691,0,1,0,0,0
data/rec_0524103000.avi,data/rec_0524103000.wav,49723,43371,46223,0,1,0,0,0
data/rec_0524103000.avi,data/rec_0524103000.wav,53441,47203,49941,0,1,0,0,0
data/rec_0524103000.avi,data/rec_0524103000.wav,55752,49941,52252,0,0,1,0,0
data/rec_0524103000.avi,data/rec_0524103000.wav,58101,52252,54601,0,0,1,0,0
data/rec_0524103000.avi,data/rec_0524103000.wav,64329,56479,60844,0,0,0,1,0
data/rec_0524103000.avi,data/rec_0524103000.wav,91637,84419,88151,0,1,0,0,0
data/rec_0524103000.avi,data/rec_0524103000.wav,98560,90908,95060,0,1,0,0,0
data/rec_0524103000.avi,data/rec_0524103000.wav,106049,99443,102549,0,1,0,0,0
data/rec_0524103000.avi,data/rec_0524103000.wav,109326,102549,105839,0,1,0,0,0
data/rec_0524103000.avi,data/rec_0524103000.wav,128131,121035,124646,0,1,0,0,0
data/rec_0524103000.avi,data/rec_0524103000.wav,148229,140577,144729,0,1,0,0,0
data/rec_0524103000.avi,data/rec_0524103000.wav,174249,166049,170763,0,1,0,0,0
data/rec_0524103000.avi,data/rec_0524103000.wav,190103,182472,186619,0,0,1,0,0
data/rec_0524103000.avi,data/rec_0524103000.wav,202353,196394,198853,0,0,1,0,0
data/rec_0524103000.avi,data/rec_0524103000.wav,205291,198853,201805,0,0,1,0,0
data/rec_0524103000.avi,data/rec_0524103000.wav,208374,202435,204874,0,1,0,0,0
data/rec_0524103000.avi,data/rec_0524103000.wav,211431,204874,207946,0,1,0,0,0
data/rec_0524103000.avi,data/rec_0524103000.wav,217581,210231,214081,0,0,0,1,0
data/rec_0524103000.avi,data/rec_0524103000.wav,220174,214081,216674,0,0,1,0,0
data/rec_0524103000.avi,data/rec_0524103000.wav,224961,219198,221461,0,1,0,0,0
data/rec_0524103000.avi,data/rec_0524103000.wav,226155,221461,222655,0,1,0,0,0
data/rec_0524103000.avi,data/rec_0524103000.wav,228878,222655,225392,0,0,1,0,0
data/rec_0524103000.avi,data/rec_0524103000.wav,260178,252633,256678,0,1,0,0,0
data/rec_0524103000.avi,data/rec_0524103000.wav,294186,285855,290701,0,0,1,0,0
data/rec_0524103000.avi,data/rec_0524103000.wav,304266,294702,300766,0,0,0,1,0
data/rec_0524103000.avi,data/rec_0524103000.wav,308470,302224,304970,0,0,0,1,0
data/rec_0524103000.avi,data/rec_0524103000.wav,310972,305347,307472,1,0,0,0,0
data/rec_0524103000.avi,data/rec_0524103000.wav,330132,323143,326647,0,1,0,0,0
data/rec_0524103000.avi,data/rec_0524103000.wav,362634,356610,359634,0,1,0,0,0
data/rec_0524103000.avi,data/rec_0524103000.wav,366778,361716,363793,0,1,0,0,0
data/rec_0524103000.avi,data/rec_0524103000.wav,370128,364950,367143,0,0,1,0,0
data/rec_0524103000.avi,data/rec_0524103000.wav,374087,368242,371103,0,1,0,0,0
data/rec_0524103000.avi,data/rec_0524103000.wav,407714,400457,404729,0,1,0,0,0
data/rec_0524103000.avi,data/rec_0524103000.wav,419231,411241,416231,0,0,0,1,0
data/rec_0524103000.avi,data/rec_0524103000.wav,426799,420074,423799,0,1,0,0,0
data/rec_0524103000.avi,data/rec_0524103000.wav,443423,436698,440437,0,1,0,0,0
data/rec_0524103000.avi,data/rec_0524103000.wav,455528,448582,452528,0,1,0,0,0
data/rec_0524103000.avi,data/rec_0524103000.wav,498811,490159,495811,0,0,0,1,0
data/rec_0524103000.avi,data/rec_0524103000.wav,528595,522193,525595,0,1,0,0,0
data/rec_0524103000.avi,data/rec_0524103000.wav,542900,536408,539914,0,0,1,0,0
data/rec_0524103000.avi,data/rec_0524103000.wav,552092,545602,549092,0,1,0,0,0
data/rec_0524103000.avi,data/rec_0524103000.wav,554810,549092,551810,0,1,0,0,0
data/rec_0524103000.avi,data/rec_0524103000.wav,557655,551810,554655,0,1,0,0,0
data/rec_0524103000.avi,data/rec_0524103000.wav,560808,554655,557822,0,1,0,0,0
data/rec_0524103000.avi,data/rec_0524103000.wav,567057,559859,564072,0,1,0,0,0
data/rec_0524103000.avi,data/rec_0524103000.wav,584435,577579,581450,0,1,0,0,0
data/rec_0524103000.avi,data/rec_0524103000.wav,619908,614155,616908,0,1,0,0,0
data/rec_0524103000.avi,data/rec_0524103000.wav,622806,616908,619820,0,1,0,0,0
data/rec_0524103000.avi,data/rec_0524103000.wav,641295,634511,638403,0,0,1,0,0
data/rec_0524103000.avi,data/rec_0524103000.wav,645384,639136,642384,0,0,1,0,0
data/rec_0524103000.avi,data/rec_0524103000.wav,647791,642384,644806,0,0,1,0,0
data/rec_0524103000.avi,data/rec_0524103000.wav,651684,646538,648684,0,1,0,0,0
data/rec_0524103000.avi,data/rec_0524103000.wav,656241,650527,653241,0,0,0,1,0
data/rec_0524103000.avi,data/rec_0524103000.wav,660564,654900,657669,0,1,0,0,0
data/rec_0524103000.avi,data/rec_0524103000.wav,669625,663789,666625,0,1,0,0,0
data/rec_0524103000.avi,data/rec_0524103000.wav,674100,668481,671114,0,1,0,0,0
data/rec_0524103000.avi,data/rec_0524103000.wav,678655,672209,675767,0,0,1,0,0
data/rec_0524103000.avi,data/rec_0524103000.wav,700920,692294,697934,1,0,0,0,0
data/rec_0524103000.avi,data/rec_0524103000.wav,715362,707994,712376,0,1,0,0,0
data/rec_0524103000.avi,data/rec_0524103000.wav,726530,720376,723530,0,1,0,0,0
data/rec_0524103000.avi,data/rec_0524103000.wav,729794,723939,726809,0,1,0,0,0
data/rec_0524103000.avi,data/rec_0524103000.wav,735895,729440,732909,0,1,0,0,0
data/rec_0524103000.avi,data/rec_0524103000.wav,742588,735752,739697,0,1,0,0,0
data/rec_0524103000.avi,data/rec_0524103000.wav,775121,768336,772245,0,1,0,0,0
data/rec_0524103000.avi,data/rec_0524103000.wav,787437,780002,784450,0,1,0,0,0
data/rec_0524103000.avi,data/rec_0524103000.wav,792535,787478,789668,0,1,0,0,0
data/rec_0524103000.avi,data/rec_0524103000.wav,796078,790236,793092,0,1,0,0,0
data/rec_0524103000.avi,data/rec_0524103000.wav,802549,795814,799549,0,1,0,0,0
data/rec_0524103000.avi,data/rec_0524103000.wav,818111,811092,815124,0,1,0,0,0
data/rec_0524103000.avi,data/rec_0524103000.wav,826451,820600,823451,0,1,0,0,0
data/rec_0524103000.avi,data/rec_0524103000.wav,829554,823451,826662,0,1,0,0,0
data/rec_0524103000.avi,data/rec_0524103000.wav,837211,831429,834211,0,1,0,0,0
data/rec_0524103000.avi,data/rec_0524103000.wav,847520,840463,844534,0,0,0,1,0
data/rec_0524103000.avi,data/rec_0524103000.wav,858172,851549,855283,0,1,0,0,0
data/rec_0524103000.avi,data/rec_0524103000.wav,875215,867679,872230,0,0,0,1,0
data/rec_0524103000.avi,data/rec_0524103000.wav,904043,896981,901057,0,1,0,0,0
data/rec_0524103000.avi,data/rec_0524103000.wav,936015,928386,933078,0,1,0,0,0
data/rec_0524103000.avi,data/rec_0524103000.wav,966625,961035,963625,0,1,0,0,0
data/rec_0524103000.avi,data/rec_0524103000.wav,968941,963625,965941,0,1,0,0,0
data/rec_0524103000.avi,data/rec_0524103000.wav,972327,965941,969342,0,1,0,0,0
data/rec_0524103000.avi,data/rec_0524103000.wav,984385,977360,981385,0,0,0,1,0
data/rec_0524103000.avi,data/rec_0524103000.wav,989415,984296,986415,0,1,0,0,0
data/rec_0524103000.avi,data/rec_0524103000.wav,992172,986637,989186,0,0,1,0,0
data/rec_0524103000.avi,data/rec_0524103000.wav,1033976,1027224,1031112,0,1,0,0,0
data/rec_0524103000.avi,data/rec_0524103000.wav,1076913,1069979,1074032,0,1,0,0,0
data/rec_0524103000.avi,data/rec_0524103000.wav,1082006,1076098,1079006,0,1,0,0,0
data/rec_0524103000.avi,data/rec_0524103000.wav,1087318,1080356,1084318,0,0,0,1,0
data/rec_0524103000.avi,data/rec_0524103000.wav,1095749,1089388,1092764,0,1,0,0,0
data/rec_0524103000.avi,data/rec_0524103000.wav,1108346,1102754,1105346,0,1,0,0,0
data/rec_0524103000.avi,data/rec_0524103000.wav,1112738,1106181,1109750,0,1,0,0,0
data/rec_0524103000.avi,data/rec_0524103000.wav,1150169,1143409,1147169,0,0,0,1,0
data/rec_0524103000.avi,data/rec_0524103000.wav,1155869,1150411,1152869,0,1,0,0,0
data/rec_0524103000.avi,data/rec_0524103000.wav,1158831,1152519,1155845,0,0,0,1,0
data/rec_0524103000.avi,data/rec_0524103000.wav,1177122,1170298,1174136,0,0,0,1,0
data/rec_0524103000.avi,data/rec_0524103000.wav,1184703,1179255,1181819,0,1,0,0,0
data/rec_0524103000.avi,data/rec_0524103000.wav,1205099,1198929,1202220,0,0,1,0,0
data/rec_0524103000.avi,data/rec_0524103000.wav,1211388,1205102,1208403,0,1,0,0,0
data/rec_0524103000.avi,data/rec_0524103000.wav,1217678,1210381,1214692,0,0,0,1,0
data/rec_0524103000.avi,data/rec_0524103000.wav,1258043,1251461,1255043,0,0,0,1,0
data/rec_0524103000.avi,data/rec_0524103000.wav,1265604,1257441,1262727,0,1,0,0,0
data/rec_0524103000.avi,data/rec_0524103000.wav,1273587,1268014,1270587,0,1,0,0,0
data/rec_0524103000.avi,data/rec_0524103000.wav,1276572,1270587,1273641,0,1,0,0,0
data/rec_0524103000.avi,data/rec_0524103000.wav,1291682,1285519,1288695,0,0,1,0,0
data/rec_0524103000.avi,data/rec_0524103000.wav,1301289,1294620,1298289,0,1,0,0,0
data/rec_0524103000.avi,data/rec_0524103000.wav,1310143,1303551,1307274,0,1,0,0,0
data/rec_0524103000.avi,data/rec_0524103000.wav,1333796,1327733,1330796,0,1,0,0,0
data/rec_0524103000.avi,data/rec_0524103000.wav,1338861,1331107,1335949,0,1,0,0,0
data/rec_0524103000.avi,data/rec_0524103000.wav,1378365,1370977,1375495,0,1,0,0,0
data/rec_0524103000.avi,data/rec_0524103000.wav,1391055,1383649,1388199,0,1,0,0,0
data/rec_0524103000.avi,data/rec_0524103000.wav,1450489,1443078,1447622,0,1,0,0,0
data/rec_0524103000.avi,data/rec_0524103000.wav,1465304,1457509,1462304,0,0,0,1,0
data/rec_0524103000.avi,data/rec_0524103000.wav,1471147,1464801,1468279,0,1,0,0,0
data/rec_0524103000.avi,data/rec_0524103000.wav,1484076,1477972,1481090,0,1,0,0,0
data/rec_0524103000.avi,data/rec_0524103000.wav,1496461,1490913,1493605,0,1,0,0,0
data/rec_0524103000.avi,data/rec_0524103000.wav,1500735,1494557,1497735,0,0,1,0,0
data/rec_0524103000.avi,data/rec_0524103000.wav,1504907,1497735,1502042,0,1,0,0,0
data/rec_0524103000.avi,data/rec_0524103000.wav,1516166,1509737,1513180,0,1,0,0,0
data/rec_0524103000.avi,data/rec_0524103000.wav,1521385,1514453,1518400,0,1,0,0,0
data/rec_0524103000.avi,data/rec_0524103000.wav,1530458,1524288,1527458,0,0,0,1,0
data/rec_0524103000.avi,data/rec_0524103000.wav,1537399,1531628,1534399,0,1,0,0,0
data/rec_0524103000.avi,data/rec_0524103000.wav,1551690,1545240,1548705,0,1,0,0,0
data/rec_0524103000.avi,data/rec_0524103000.wav,1560846,1553347,1557860,0,1,0,0,0
data/rec_0524103000.avi,data/rec_0524103000.wav,1582689,1576098,1579703,0,1,0,0,0
data/rec_0524103000.avi,data/rec_0524103000.wav,1588948,1581292,1585948,0,1,0,0,0
data/rec_0524103000.avi,data/rec_0524103000.wav,1594748,1588211,1591748,0,1,0,0,0
data/rec_0524103000.avi,data/rec_0524103000.wav,1598271,1592187,1595284,0,1,0,0,0
data/rec_0524103000.avi,data/rec_0524103000.wav,1622620,1614922,1619635,0,0,1,0,0
data/rec_0524103000.avi,data/rec_0524103000.wav,1662530,1656248,1659530,0,0,0,0,1
data/rec_0524103000.avi,data/rec_0524103000.wav,1672097,1664946,1669097,0,0,0,1,0
data/rec_0524103000.avi,data/rec_0524103000.wav,1682103,1675990,1679117,0,1,0,0,0
data/rec_0524103000.avi,data/rec_0524103000.wav,1720794,1713644,1717809,0,0,1,0,0
data/rec_0524103000.avi,data/rec_0524103000.wav,1741781,1735313,1738794,0,1,0,0,0
data/rec_0524110000.avi,data/rec_0524110000.wav,16629,11424,13629,0,1,0,0,0
data/rec_0524110000.avi,data/rec_0524110000.wav,19786,13629,16786,0,1,0,0,0
data/rec_0524110000.avi,data/rec_0524110000.wav,22777,17275,19792,0,1,0,0,0
data/rec_0524110000.avi,data/rec_0524110000.wav,32172,25822,29172,0,1,0,0,0
data/rec_0524110000.avi,data/rec_0524110000.wav,35453,29506,32468,0,1,0,0,0
data/rec_0524110000.avi,data/rec_0524110000.wav,42269,35935,39282,0,1,0,0,0
data/rec_0524110000.avi,data/rec_0524110000.wav,46710,40365,43710,0,1,0,0,0
data/rec_0524110000.avi,data/rec_0524110000.wav,50728,43945,47728,0,1,0,0,0
data/rec_0524110000.avi,data/rec_0524110000.wav,75344,68423,72359,0,1,0,0,0
data/rec_0524110000.avi,data/rec_0524110000.wav,107109,100502,104123,0,1,0,0,0
data/rec_0524110000.avi,data/rec_0524110000.wav,113575,106641,110589,0,1,0,0,0
data/rec_0524110000.avi,data/rec_0524110000.wav,134928,128123,131943,0,1,0,0,0
data/rec_0524110000.avi,data/rec_0524110000.wav,146053,137966,143053,0,0,0,1,0
data/rec_0524110000.avi,data/rec_0524110000.wav,150124,143053,147124,0,1,0,0,0
data/rec_0524110000.avi,data/rec_0524110000.wav,156632,151298,153632,0,1,0,0,0
data/rec_0524110000.avi,data/rec_0524110000.wav,160742,154349,157742,0,1,0,0,0
data/rec_0524110000.avi,data/rec_0524110000.wav,180976,175607,177976,0,1,0,0,0
data/rec_0524110000.avi,data/rec_0524110000.wav,183931,177976,180931,0,1,0,0,0
data/rec_0524110000.avi,data/rec_0524110000.wav,223456,215361,220469,0,0,0,1,0
data/rec_0524110000.avi,data/rec_0524110000.wav,249845,244329,246845,0,0,1,0,0
data/rec_0524110000.avi,data/rec_0524110000.wav,252311,246845,249311,0,1,0,0,0
data/rec_0524110000.avi,data/rec_0524110000.wav,258614,249963,255614,0,0,0,1,0
data/rec_0524110000.avi,data/rec_0524110000.wav,264517,257927,261517,0,1,0,0,0
data/rec_0524110000.avi,data/rec_0524110000.wav,270204,263381,267219,0,0,1,0,0
data/rec_0524110000.avi,data/rec_0524110000.wav,308339,301665,305339,0,0,1,0,0
data/rec_0524110000.avi,data/rec_0524110000.wav,312795,305879,309795,0,0,1,0,0
data/rec_0524110000.avi,data/rec_0524110000.wav,316765,311189,313765,0,1,0,0,0
data/rec_0524110000.avi,data/rec_0524110000.wav,318983,313765,315983,0,1,0,0,0
data/rec_0524110000.avi,data/rec_0524110000.wav,324319,317858,321319,0,0,1,0,0
data/rec_0524110000.avi,data/rec_0524110000.wav,342876,335774,339888,0,1,0,0,0
data/rec_0524110000.avi,data/rec_0524110000.wav,363328,356844,360342,0,1,0,0,0
data/rec_0524110000.avi,data/rec_0524110000.wav,445771,438318,442785,0,1,0,0,0
data/rec_0524110000.avi,data/rec_0524110000.wav,462046,455607,459046,0,0,0,0,1
data/rec_0524110000.avi,data/rec_0524110000.wav,467898,460133,464898,1,0,0,0,0
data/rec_0524110000.avi,data/rec_0524110000.wav,480881,474705,477895,0,1,0,0,0
data/rec_0524110000.avi,data/rec_0524110000.wav,494185,488013,491200,0,1,0,0,0
data/rec_0524110000.avi,data/rec_0524110000.wav,504987,498561,501987,0,1,0,0,0
data/rec_0524110000.avi,data/rec_0524110000.wav,509453,503506,506467,0,1,0,0,0
data/rec_0524110000.avi,data/rec_0524110000.wav,514380,507663,511395,0,1,0,0,0
data/rec_0524110000.avi,data/rec_0524110000.wav,519228,514240,516335,0,0,1,0,0
data/rec_0524110000.avi,data/rec_0524110000.wav,522138,516841,519152,0,1,0,0,0
data/rec_0524110000.avi,data/rec_0524110000.wav,529600,522528,526705,0,0,1,0,0
data/rec_0524110000.avi,data/rec_0524110000.wav,541339,535317,538339,0,1,0,0,0
data/rec_0524110000.avi,data/rec_0524110000.wav,545827,538339,542842,0,1,0,0,0
data/rec_0524110000.avi,data/rec_0524110000.wav,563100,556192,560114,0,1,0,0,0
data/rec_0524110000.avi,data/rec_0524110000.wav,597716,591405,594730,0,1,0,0,0
data/rec_0524110000.avi,data/rec_0524110000.wav,604864,598800,601878,0,0,1,0,0
data/rec_0524110000.avi,data/rec_0524110000.wav,631511,625025,628526,0,1,0,0,0
data/rec_0524110000.avi,data/rec_0524110000.wav,646783,640807,643886,0,1,0,0,0
data/rec_0524110000.avi,data/rec_0524110000.wav,668090,661688,665104,0,1,0,0,0
data/rec_0524110000.avi,data/rec_0524110000.wav,682722,675675,679827,0,0,1,0,0
data/rec_0524110000.avi,data/rec_0524110000.wav,691402,684684,688506,0,0,1,0,0
data/rec_0524110000.avi,data/rec_0524110000.wav,717674,709606,714674,0,0,0,1,0
data/rec_0524110000.avi,data/rec_0524110000.wav,724250,717671,721265,0,0,0,1,0
data/rec_0524110000.avi,data/rec_0524110000.wav,728220,722575,725220,0,1,0,0,0
data/rec_0524110000.avi,data/rec_0524110000.wav,755769,750340,752769,0,1,0,0,0
data/rec_0524110000.avi,data/rec_0524110000.wav,758945,753528,755928,0,1,0,0,0
data/rec_0524110000.avi,data/rec_0524110000.wav,768439,761817,765453,0,0,1,0,0
data/rec_0524110000.avi,data/rec_0524110000.wav,778454,773265,775560,0,1,0,0,0
data/rec_0524110000.avi,data/rec_0524110000.wav,800902,794535,797916,0,1,0,0,0
data/rec_0524110000.avi,data/rec_0524110000.wav,840263,834803,837263,0,1,0,0,0
data/rec_0524110000.avi,data/rec_0524110000.wav,843383,837888,840383,0,0,1,0,0
data/rec_0524110000.avi,data/rec_0524110000.wav,852924,845078,849937,0,0,0,1,0
data/rec_0524110000.avi,data/rec_0524110000.wav,899584,892507,896702,0,0,0,1,0
data/rec_0524110000.avi,data/rec_0524110000.wav,904442,897840,901457,0,1,0,0,0
data/rec_0524110000.avi,data/rec_0524110000.wav,912479,906788,909479,0,1,0,0,0
data/rec_0524110000.avi,data/rec_0524110000.wav,914881,909479,911881,0,1,0,0,0
data/rec_0524110000.avi,data/rec_0524110000.wav,917183,911881,914296,0,1,0,0,0
data/rec_0524110000.avi,data/rec_0524110000.wav,921393,915415,918505,0,1,0,0,0
data/rec_0524110000.avi,data/rec_0524110000.wav,945071,939869,942086,0,1,0,0,0
data/rec_0524110000.avi,data/rec_0524110000.wav,947188,942664,944298,0,1,0,0,0
data/rec_0524110000.avi,data/rec_0524110000.wav,950345,945262,947452,0,1,0,0,0
data/rec_0524110000.avi,data/rec_0524110000.wav,959285,954303,956394,0,1,0,0,0
data/rec_0524110000.avi,data/rec_0524110000.wav,976347,970047,973361,0,1,0,0,0
data/rec_0524110000.avi,data/rec_0524110000.wav,993254,987736,990363,0,1,0,0,0
data/rec_0524110000.avi,data/rec_0524110000.wav,1002676,996179,999676,0,0,1,0,0
data/rec_0524110000.avi,data/rec_0524110000.wav,1005888,1000216,1002899,0,0,1,0,0
data/rec_0524110000.avi,data/rec_0524110000.wav,1014071,1008095,1011186,0,1,0,0,0
data/rec_0524110000.avi,data/rec_0524110000.wav,1030754,1022479,1027869,0,0,0,1,0
data/rec_0524110000.avi,data/rec_0524110000.wav,1041575,1035473,1038686,0,1,0,0,0
data/rec_0524110000.avi,data/rec_0524110000.wav,1048585,1042591,1045695,0,1,0,0,0
data/rec_0524110000.avi,data/rec_0524110000.wav,1060086,1052820,1057100,0,0,0,1,0
data/rec_0524110000.avi,data/rec_0524110000.wav,1091386,1085955,1088386,0,1,0,0,0
data/rec_0524110000.avi,data/rec_0524110000.wav,1093012,1088386,1090012,0,1,0,0,0
data/rec_0524110000.avi,data/rec_0524110000.wav,1097252,1090319,1094252,1,0,0,0,0
data/rec_0524110000.avi,data/rec_0524110000.wav,1112790,1105318,1109910,0,1,0,0,0
data/rec_0524110000.avi,data/rec_0524110000.wav,1120869,1114900,1117985,0,1,0,0,0
data/rec_0524110000.avi,data/rec_0524110000.wav,1152114,1145957,1149114,0,0,0,1,0
data/rec_0524110000.avi,data/rec_0524110000.wav,1154305,1149114,1151305,0,0,0,1,0
data/rec_0524110000.avi,data/rec_0524110000.wav,1158169,1152801,1155169,0,0,0,1,0
data/rec_0524110000.avi,data/rec_0524110000.wav,1170534,1165365,1167534,0,0,1,0,0
data/rec_0524110000.avi,data/rec_0524110000.wav,1172754,1167534,1169871,0,1,0,0,0
data/rec_0524110000.avi,data/rec_0524110000.wav,1176178,1170913,1173295,0,1,0,0,0
data/rec_0524110000.avi,data/rec_0524110000.wav,1182117,1176476,1179238,0,1,0,0,0
data/rec_0524110000.avi,data/rec_0524110000.wav,1186510,1180432,1183576,0,1,0,0,0
data/rec_0524110000.avi,data/rec_0524110000.wav,1242599,1236353,1239719,0,1,0,0,0
data/rec_0524110000.avi,data/rec_0524110000.wav,1246902,1241729,1244019,0,1,0,0,0
data/rec_0524110000.avi,data/rec_0524110000.wav,1276764,1270434,1273777,0,1,0,0,0
data/rec_0524110000.avi,data/rec_0524110000.wav,1286970,1280270,1283982,0,1,0,0,0
data/rec_0524110000.avi,data/rec_0524110000.wav,1330325,1324890,1327325,0,1,0,0,0
data/rec_0524110000.avi,data/rec_0524110000.wav,1333538,1327811,1330668,0,1,0,0,0
data/rec_0524110000.avi,data/rec_0524110000.wav,1340809,1333642,1337932,0,1,0,0,0
data/rec_0524110000.avi,data/rec_0524110000.wav,1352837,1347620,1349906,0,1,0,0,0
data/rec_0524110000.avi,data/rec_0524110000.wav,1357797,1351110,1354797,0,1,0,0,0
data/rec_0524110000.avi,data/rec_0524110000.wav,1378768,1372836,1375768,0,1,0,0,0
data/rec_0524110000.avi,data/rec_0524110000.wav,1381140,1375768,1378140,0,1,0,0,0
data/rec_0524110000.avi,data/rec_0524110000.wav,1386890,1381162,1384015,0,1,0,0,0
data/rec_0524110000.avi,data/rec_0524110000.wav,1392286,1385782,1389286,0,1,0,0,0
data/rec_0524110000.avi,data/rec_0524110000.wav,1397524,1392139,1394524,0,1,0,0,0
data/rec_0524110000.avi,data/rec_0524110000.wav,1410280,1404130,1407402,0,1,0,0,0
data/rec_0524110000.avi,data/rec_0524110000.wav,1451882,1445249,1448882,0,0,1,0,0
data/rec_0524110000.avi,data/rec_0524110000.wav,1480844,1473472,1477979,0,0,0,1,0
data/rec_0524110000.avi,data/rec_0524110000.wav,1502489,1494999,1499627,0,0,0,1,0
data/rec_0524110000.avi,data/rec_0524110000.wav,1530892,1525154,1528024,0,1,0,0,0
data/rec_0524110000.avi,data/rec_0524110000.wav,1556960,1550335,1554091,0,0,1,0,0
data/rec_0524110000.avi,data/rec_0524110000.wav,1565742,1558854,1562742,0,1,0,0,0
data/rec_0524110000.avi,data/rec_0524110000.wav,1571572,1564135,1568572,0,0,1,0,0
data/rec_0524110000.avi,data/rec_0524110000.wav,1575410,1568956,1572539,0,1,0,0,0
data/rec_0524110000.avi,data/rec_0524110000.wav,1583105,1577118,1580105,0,1,0,0,0
data/rec_0524110000.avi,data/rec_0524110000.wav,1635035,1626931,1632035,0,0,0,1,0
data/rec_0524110000.avi,data/rec_0524110000.wav,1645998,1640262,1642998,0,1,0,0,0
data/rec_0524110000.avi,data/rec_0524110000.wav,1647880,1642998,1644880,0,1,0,0,0
data/rec_0524110000.avi,data/rec_0524110000.wav,1650864,1645238,1647864,0,1,0,0,0
data/rec_0524110000.avi,data/rec_0524110000.wav,1682769,1675917,1679988,0,1,0,0,0
data/rec_0524110000.avi,data/rec_0524110000.wav,1695930,1689540,1693072,0,1,0,0,0
data/rec_0524110000.avi,data/rec_0524110000.wav,1704012,1697228,1701012,0,0,0,1,0
data/rec_0524110000.avi,data/rec_0524110000.wav,1747467,1741548,1744467,0,1,0,0,0
data/rec_0524110000.avi,data/rec_0524110000.wav,1750123,1744467,1747123,0,1,0,0,0
data/rec_0524110000.avi,data/rec_0524110000.wav,1754086,1747123,1751230,0,1,0,0,0
data/rec_0524110000.avi,data/rec_0524110000.wav,1775222,1769055,1772222,0,1,0,0,0
data/rec_0524110000.avi,data/rec_0524110000.wav,1778131,1772222,1775287,0,1,0,0,0
data/rec_0524113000.avi,data/rec_0524113000.wav,25448,17871,22462,0,1,0,0,0
data/rec_0524113000.avi,data/rec_0524113000.wav,43686,38128,40686,0,1,0,0,0
data/rec_0524113000.avi,data/rec_0524113000.wav,45642,40686,42642,0,1,0,0,0
data/rec_0524113000.avi,data/rec_0524113000.wav,48249,42642,45263,0,0,1,0,0
data/rec_0524113000.avi,data/rec_0524113000.wav,61941,56991,58955,0,1,0,0,0
data/rec_0524113000.avi,data/rec_0524113000.wav,65153,59716,62153,0,1,0,0,0
data/rec_0524113000.avi,data/rec_0524113000.wav,81237,74953,78237,0,0,1,0,0
data/rec_0524113000.avi,data/rec_0524113000.wav,100921,95300,97921,0,1,0,0,0
data/rec_0524113000.avi,data/rec_0524113000.wav,104536,98702,101645,0,1,0,0,0
data/rec_0524113000.avi,data/rec_0524113000.wav,115276,109193,112379,0,1,0,0,0
data/rec_0524113000.avi,data/rec_0524113000.wav,143599,138239,140599,0,1,0,0,0
data/rec_0524113000.avi,data/rec_0524113000.wav,147963,141028,145073,0,0,0,1,0
data/rec_0524113000.avi,data/rec_0524113000.wav,182424,175608,179424,0,1,0,0,0
data/rec_0524113000.avi,data/rec_0524113000.wav,191869,186566,188869,0,1,0,0,0
data/rec_0524113000.avi,data/rec_0524113000.wav,194586,188869,191601,0,1,0,0,0
data/rec_0524113000.avi,data/rec_0524113000.wav,209254,202103,206254,0,1,0,0,0
data/rec_0524113000.avi,data/rec_0524113000.wav,226063,219783,223171,0,1,0,0,0
data/rec_0524113000.avi,data/rec_0524113000.wav,238658,232056,235673,0,1,0,0,0
data/rec_0524113000.avi,data/rec_0524113000.wav,249510,243105,246510,0,1,0,0,0
data/rec_0524113000.avi,data/rec_0524113000.wav,253123,247275,250123,0,1,0,0,0
data/rec_0524113000.avi,data/rec_0524113000.wav,259470,252743,256575,0,1,0,0,0
data/rec_0524113000.avi,data/rec_0524113000.wav,267542,261968,264542,0,0,1,0,0
data/rec_0524113000.avi,data/rec_0524113000.wav,271897,267147,269002,0,1,0,0,0
data/rec_0524113000.avi,data/rec_0524113000.wav,276830,271733,273948,0,1,0,0,0
data/rec_0524113000.avi,data/rec_0524113000.wav,280483,274864,277483,0,0,1,0,0
data/rec_0524113000.avi,data/rec_0524113000.wav,285728,280433,282840,0,1,0,0,0
data/rec_0524113000.avi,data/rec_0524113000.wav,292741,286684,289741,0,0,1,0,0
data/rec_0524113000.avi,data/rec_0524113000.wav,323654,317717,320668,0,1,0,0,0
data/rec_0524113000.avi,data/rec_0524113000.wav,328155,322412,325155,0,1,0,0,0
data/rec_0524113000.avi,data/rec_0524113000.wav,370322,363589,367336,0,1,0,0,0
data/rec_0524113000.avi,data/rec_0524113000.wav,381889,376535,378889,0,0,0,0,1
data/rec_0524113000.avi,data/rec_0524113000.wav,391455,385520,388469,0,0,0,1,0
data/rec_0524113000.avi,data/rec_0524113000.wav,405736,400296,402736,0,1,0,0,0
data/rec_0524113000.avi,data/rec_0524113000.wav,409013,403176,406013,0,0,1,0,0
data/rec_0524113000.avi,data/rec_0524113000.wav,414045,408049,411045,0,0,0,1,0
data/rec_0524113000.avi,data/rec_0524113000.wav,417329,411914,414329,0,1,0,0,0
data/rec_0524113000.avi,data/rec_0524113000.wav,421138,415425,418152,0,0,1,0,0
data/rec_0524113000.avi,data/rec_0524113000.wav,437439,432447,434439,0,1,0,0,0
data/rec_0524113000.avi,data/rec_0524113000.wav,444354,438283,441366,0,0,1,0,0
data/rec_0524113000.avi,data/rec_0524113000.wav,448059,442230,445073,0,1,0,0,0
data/rec_0524113000.avi,data/rec_0524113000.wav,453183,446770,450196,0,1,0,0,0
data/rec_0524113000.avi,data/rec_0524113000.wav,458252,451423,455252,0,1,0,0,0
data/rec_0524113000.avi,data/rec_0524113000.wav,471844,465720,468844,0,1,0,0,0
data/rec_0524113000.avi,data/rec_0524113000.wav,476051,469485,473158,0,0,1,0,0
data/rec_0524113000.avi,data/rec_0524113000.wav,504513,497798,501620,0,1,0,0,0
data/rec_0524113000.avi,data/rec_0524113000.wav,515872,510028,512872,0,1,0,0,0
data/rec_0524113000.avi,data/rec_0524113000.wav,521468,516062,518468,0,1,0,0,0
data/rec_0524113000.avi,data/rec_0524113000.wav,562383,555346,559397,0,1,0,0,0
data/rec_0524113000.avi,data/rec_0524113000.wav,571759,563965,568759,1,0,0,0,0
data/rec_0524113000.avi,data/rec_0524113000.wav,573419,568759,570517,0,1,0,0,0
data/rec_0524113000.avi,data/rec_0524113000.wav,590453,584415,587467,0,0,1,0,0
data/rec_0524113000.avi,data/rec_0524113000.wav,605780,599174,602780,0,1,0,0,0
data/rec_0524113000.avi,data/rec_0524113000.wav,619401,613889,616508,0,1,0,0,0
data/rec_0524113000.avi,data/rec_0524113000.wav,644881,639357,641895,0,1,0,0,0
data/rec_0524113000.avi,data/rec_0524113000.wav,669577,662430,666577,0,0,0,1,0
data/rec_0524113000.avi,data/rec_0524113000.wav,674333,667230,671333,0,0,0,1,0
data/rec_0524113000.avi,data/rec_0524113000.wav,683625,678701,680639,0,1,0,0,0
data/rec_0524113000.avi,data/rec_0524113000.wav,697095,691504,694110,0,1,0,0,0
data/rec_0524113000.avi,data/rec_0524113000.wav,708525,701720,705539,0,1,0,0,0
data/rec_0524113000.avi,data/rec_0524113000.wav,726820,721212,723835,0,1,0,0,0
data/rec_0524113000.avi,data/rec_0524113000.wav,729472,724073,726486,0,1,0,0,0
data/rec_0524113000.avi,data/rec_0524113000.wav,738842,732626,735859,0,1,0,0,0
data/rec_0524113000.avi,data/rec_0524113000.wav,760989,755255,758098,0,0,1,0,0
data/rec_0524113000.avi,data/rec_0524113000.wav,793533,787851,790533,0,0,0,1,0
data/rec_0524113000.avi,data/rec_0524113000.wav,795868,790571,792882,0,0,1,0,0
data/rec_0524113000.avi,data/rec_0524113000.wav,798739,793658,795739,0,1,0,0,0
data/rec_0524113000.avi,data/rec_0524113000.wav,809665,803621,806679,0,1,0,0,0
data/rec_0524113000.avi,data/rec_0524113000.wav,820256,814614,817272,0,1,0,0,0
data/rec_0524113000.avi,data/rec_0524113000.wav,825077,819454,822092,0,1,0,0,0
data/rec_0524113000.avi,data/rec_0524113000.wav,839919,832764,837030,0,1,0,0,0
data/rec_0524113000.avi,data/rec_0524113000.wav,887562,881915,884665,0,1,0,0,0
data/rec_0524113000.avi,data/rec_0524113000.wav,893583,886411,890687,0,0,1,0,0
data/rec_0524113000.avi,data/rec_0524113000.wav,901277,895036,898277,0,1,0,0,0
data/rec_0524113000.avi,data/rec_0524113000.wav,929775,923554,926775,0,0,1,0,0
data/rec_0524113000.avi,data/rec_0524113000.wav,933046,926775,930046,0,1,0,0,0
data/rec_0524113000.avi,data/rec_0524113000.wav,937063,931485,934063,0,1,0,0,0
data/rec_0524113000.avi,data/rec_0524113000.wav,940792,934063,937806,0,0,0,1,0
data/rec_0524113000.avi,data/rec_0524113000.wav,961055,954750,958169,0,1,0,0,0
data/rec_0524113000.avi,data/rec_0524113000.wav,974958,969022,971973,0,1,0,0,0
data/rec_0524113000.avi,data/rec_0524113000.wav,995906,989288,992906,0,0,0,1,0
data/rec_0524113000.avi,data/rec_0524113000.wav,999942,993994,996956,0,1,0,0,0
data/rec_0524113000.avi,data/rec_0524113000.wav,1004698,998940,1001713,0,1,0,0,0
data/rec_0524113000.avi,data/rec_0524113000.wav,1013114,1007055,1010228,0,1,0,0,0
data/rec_0524113000.avi,data/rec_0524113000.wav,1033030,1026259,1030046,0,1,0,0,0
data/rec_0524113000.avi,data/rec_0524113000.wav,1044926,1037767,1042044,0,1,0,0,0
data/rec_0524113000.avi,data/rec_0524113000.wav,1056121,1050808,1053121,0,1,0,0,0
data/rec_0524113000.avi,data/rec_0524113000.wav,1103773,1097184,1100788,0,1,0,0,0
data/rec_0524113000.avi,data/rec_0524113000.wav,1107811,1101783,1104825,0,1,0,0,0
data/rec_0524113000.avi,data/rec_0524113000.wav,1111367,1105925,1108471,0,1,0,0,0
data/rec_0524113000.avi,data/rec_0524113000.wav,1115220,1109803,1112235,0,1,0,0,0
data/rec_0524113000.avi,data/rec_0524113000.wav,1118791,1113184,1115805,0,0,1,0,0
data/rec_0524113000.avi,data/rec_0524113000.wav,1123953,1118335,1121060,0,1,0,0,0
data/rec_0524113000.avi,data/rec_0524113000.wav,1129556,1124692,1126662,0,1,0,0,0
data/rec_0524113000.avi,data/rec_0524113000.wav,1144913,1139361,1142023,0,0,1,0,0
data/rec_0524113000.avi,data/rec_0524113000.wav,1148304,1142899,1145412,0,1,0,0,0
data/rec_0524113000.avi,data/rec_0524113000.wav,1152371,1146393,1149477,0,1,0,0,0
data/rec_0524113000.avi,data/rec_0524113000.wav,1161727,1156870,1158836,0,0,1,0,0
data/rec_0524113000.avi,data/rec_0524113000.wav,1182346,1176598,1179357,0,0,1,0,0
data/rec_0524113000.avi,data/rec_0524113000.wav,1194513,1188807,1191620,0,1,0,0,0
data/rec_0524113000.avi,data/rec_0524113000.wav,1202687,1196405,1199701,0,1,0,0,0
data/rec_0524113000.avi,data/rec_0524113000.wav,1240501,1233448,1237610,0,0,0,1,0
data/rec_0524113000.avi,data/rec_0524113000.wav,1257469,1250541,1254578,0,0,0,1,0
data/rec_0524113000.avi,data/rec_0524113000.wav,1275929,1269835,1273051,0,1,0,0,0
data/rec_0524113000.avi,data/rec_0524113000.wav,1279679,1274698,1276789,0,1,0,0,0
data/rec_0524113000.avi,data/rec_0524113000.wav,1287890,1281471,1284903,0,1,0,0,0
data/rec_0524113000.avi,data/rec_0524113000.wav,1301308,1294776,1298322,0,0,0,1,0
data/rec_0524113000.avi,data/rec_0524113000.wav,1305250,1300306,1302361,0,1,0,0,0
data/rec_0524113000.avi,data/rec_0524113000.wav,1350641,1343436,1347656,0,0,1,0,0
data/rec_0524113000.avi,data/rec_0524113000.wav,1405022,1398995,1402022,0,1,0,0,0
data/rec_0524113000.avi,data/rec_0524113000.wav,1407120,1402022,1404120,0,1,0,0,0
data/rec_0524113000.avi,data/rec_0524113000.wav,1410456,1404120,1407570,0,1,0,0,0
data/rec_0524113000.avi,data/rec_0524113000.wav,1427214,1419112,1424330,0,0,0,1,0
data/rec_0524113000.avi,data/rec_0524113000.wav,1461910,1455844,1458910,0,1,0,0,0
data/rec_0524113000.avi,data/rec_0524113000.wav,1464531,1458910,1461644,0,1,0,0,0
data/rec_0524113000.avi,data/rec_0524113000.wav,1474834,1468891,1471950,0,1,0,0,0
data/rec_0524113000.avi,data/rec_0524113000.wav,1484164,1477047,1481178,0,1,0,0,0
data/rec_0524113000.avi,data/rec_0524113000.wav,1545017,1539526,1542142,0,1,0,0,0
data/rec_0524113000.avi,data/rec_0524113000.wav,1565710,1560857,1562710,0,1,0,0,0
data/rec_0524113000.avi,data/rec_0524113000.wav,1567413,1562710,1564532,0,1,0,0,0
data/rec_0524113000.avi,data/rec_0524113000.wav,1579998,1574145,1577118,0,1,0,0,0
data/rec_0524113000.avi,data/rec_0524113000.wav,1644966,1639197,1641966,0,0,0,0,1
data/rec_0524113000.avi,data/rec_0524113000.wav,1646934,1641966,1643934,0,1,0,0,0
data/rec_0524113000.avi,data/rec_0524113000.wav,1649047,1643934,1646170,0,1,0,0,0
data/rec_0524113000.avi,data/rec_0524113000.wav,1652299,1647017,1649299,0,1,0,0,0
data/rec_0524113000.avi,data/rec_0524113000.wav,1655958,1650332,1653078,0,1,0,0,0
data/rec_0524113000.avi,data/rec_0524113000.wav,1660848,1655034,1657967,0,1,0,0,0
data/rec_0524113000.avi,data/rec_0524113000.wav,1671666,1665504,1668795,0,1,0,0,0
data/rec_0524113000.avi,data/rec_0524113000.wav,1681183,1675626,1678183,0,0,0,0,1
data/rec_0524113000.avi,data/rec_0524113000.wav,1683985,1678183,1680999,0,0,1,0,0
data/rec_0524113000.avi,data/rec_0524113000.wav,1699314,1693038,1696329,0,1,0,0,0
data/rec_0524113000.avi,data/rec_0524113000.wav,1720434,1715871,1717615,0,1,0,0,0
data/rec_0524113000.avi,data/rec_0524113000.wav,1738879,1733073,1736001,0,1,0,0,0
data/rec_0524113000.avi,data/rec_0524113000.wav,1741323,1736816,1738323,0,1,0,0,0
data/rec_0524113000.avi,data/rec_0524113000.wav,1744064,1739198,1741180,0,1,0,0,0
